category,method,route,json_parameters,return_type,active_versions,deprecated_versions,obsolete_versions,documentation_url
API properties,GET,/d2l/api/(productCode)/versions/,,Version.ProductVersions,all,,,https://docs.valence.desire2learn.com/res/apiprop.html#get--d2l-api-(productCode)-versions-
API properties,GET,/d2l/api/(productCode)/versions/(version),,Version.SupportedVersion,all,,,https://docs.valence.desire2learn.com/res/apiprop.html#get--d2l-api-(productCode)-versions-(version)
API properties,GET,/d2l/api/versions/,,Version.ProductVersions,all,,,https://docs.valence.desire2learn.com/res/apiprop.html#get--d2l-api-versions-
API properties,POST,/d2l/api/versions/check,Version.SupportedVersionRequest,Version.BulkSupportedVersionResponse,all,,,https://docs.valence.desire2learn.com/res/apiprop.html#post--d2l-api-versions-check
API properties,GET,/d2l/auth/api/cancel,,,all,,,https://docs.valence.desire2learn.com/res/apiprop.html#get--d2l-auth-api-cancel
API properties,GET,/d2l/auth/api/token,,,all,,,https://docs.valence.desire2learn.com/res/apiprop.html#get--d2l-auth-api-token
Award Service,GET,/d2l/api/bas/(version)/associations/availableToEarn/,,Api.ObjectListPage,1.4+,1.3,1.2-,https://docs.valence.desire2learn.com/res/awards.html#get--d2l-api-bas-(version)-associations-availableToEarn-
Award Service,GET,/d2l/api/bas/(version)/awards/,,Api.ObjectListPage,1.4+,1.3,1.2-,https://docs.valence.desire2learn.com/res/awards.html#get--d2l-api-bas-(version)-awards-
Award Service,POST,/d2l/api/bas/(version)/awards/,Awards.AwardCreate,Awards.Award,1.4+,1.3,1.2-,https://docs.valence.desire2learn.com/res/awards.html#post--d2l-api-bas-(version)-awards-
Award Service,DELETE,/d2l/api/bas/(version)/awards/(awardId),,,1.4+,1.3,1.2-,https://docs.valence.desire2learn.com/res/awards.html#delete--d2l-api-bas-(version)-awards-(awardId)
Award Service,GET,/d2l/api/bas/(version)/awards/(awardId),,Awards.Award,1.4+,1.3,1.2-,https://docs.valence.desire2learn.com/res/awards.html#get--d2l-api-bas-(version)-awards-(awardId)
Award Service,PUT,/d2l/api/bas/(version)/awards/(awardId),Awards.AwardUpdate,Awards.Award,1.4+,1.3,1.2-,https://docs.valence.desire2learn.com/res/awards.html#put--d2l-api-bas-(version)-awards-(awardId)
Award Service,GET,/d2l/api/bas/(version)/creditSummary,,Awards.CreditSummary,1.4+,1.3,1.2-,https://docs.valence.desire2learn.com/res/awards.html#get--d2l-api-bas-(version)-creditSummary
Award Service,DELETE,/d2l/api/bas/(version)/issued/(issuedId),,,1.4+,1.3,1.2-,https://docs.valence.desire2learn.com/res/awards.html#delete--d2l-api-bas-(version)-issued-(issuedId)
Award Service,DELETE,/d2l/api/bas/(version)/issued/(issuedId)/sharing/profile,,,1.4+,1.3,1.2-,https://docs.valence.desire2learn.com/res/awards.html#delete--d2l-api-bas-(version)-issued-(issuedId)-sharing-profile
Award Service,PUT,/d2l/api/bas/(version)/issued/(issuedId)/sharing/profile,,,1.4+,1.3,1.2-,https://docs.valence.desire2learn.com/res/awards.html#put--d2l-api-bas-(version)-issued-(issuedId)-sharing-profile
Award Service,GET,/d2l/api/bas/(version)/issued/certificates/(certificateId),,Awards.IssuedAward,1.4+,1.3,1.2-,https://docs.valence.desire2learn.com/res/awards.html#get--d2l-api-bas-(version)-issued-certificates-(certificateId)
Award Service,GET,/d2l/api/bas/(version)/issued/certificates/(issuedId)/pdf,,PDF,1.5+,,,https://docs.valence.desire2learn.com/res/awards.html#get--d2l-api-bas-(version)-issued-certificates-(issuedId)-pdf
Award Service,GET,/d2l/api/bas/(version)/issued/users/(userId)/,,Api.ObjectListPage,1.4+,1.3,1.2-,https://docs.valence.desire2learn.com/res/awards.html#get--d2l-api-bas-(version)-issued-users-(userId)-
Award Service,GET,/d2l/api/bas/(version)/library/icons/,,Api.ObjectListPage,1.4+,1.3,1.2-,https://docs.valence.desire2learn.com/res/awards.html#get--d2l-api-bas-(version)-library-icons-
Award Service,POST,/d2l/api/bas/(version)/library/icons/,Awards.LibraryInputFileInfo,Awards.FileData,1.4+,1.3,1.2-,https://docs.valence.desire2learn.com/res/awards.html#post--d2l-api-bas-(version)-library-icons-
Award Service,DELETE,/d2l/api/bas/(version)/library/icons/(fileName),,,1.4+,1.3,1.2-,https://docs.valence.desire2learn.com/res/awards.html#delete--d2l-api-bas-(version)-library-icons-(fileName)
Award Service,GET,/d2l/api/bas/(version)/library/icons/(fileName),,file,1.4+,1.3,1.2-,https://docs.valence.desire2learn.com/res/awards.html#get--d2l-api-bas-(version)-library-icons-(fileName)
Award Service,GET,/d2l/api/bas/(version)/library/templates/,,Api.ObjectListPage,1.4+,1.3,1.2-,https://docs.valence.desire2learn.com/res/awards.html#get--d2l-api-bas-(version)-library-templates-
Award Service,POST,/d2l/api/bas/(version)/library/templates/,Awards.LibraryInputFileInfo,Awards.FileData,1.4+,1.3,1.2-,https://docs.valence.desire2learn.com/res/awards.html#post--d2l-api-bas-(version)-library-templates-
Award Service,DELETE,/d2l/api/bas/(version)/library/templates/(fileName),,,1.4+,1.3,1.2-,https://docs.valence.desire2learn.com/res/awards.html#delete--d2l-api-bas-(version)-library-templates-(fileName)
Award Service,GET,/d2l/api/bas/(version)/library/templates/(fileName),,PDF,1.4+,1.3,1.2-,https://docs.valence.desire2learn.com/res/awards.html#get--d2l-api-bas-(version)-library-templates-(fileName)
Award Service,GET,/d2l/api/bas/(version)/orgunits/(orgUnitId)/associations/,,Api.ObjectListPage,1.4+,1.3,1.2-,https://docs.valence.desire2learn.com/res/awards.html#get--d2l-api-bas-(version)-orgunits-(orgUnitId)-associations-
Award Service,POST,/d2l/api/bas/(version)/orgunits/(orgUnitId)/associations/,Awards.AssociationCreate,Awards.Association,1.4+,1.3,1.2-,https://docs.valence.desire2learn.com/res/awards.html#post--d2l-api-bas-(version)-orgunits-(orgUnitId)-associations-
Award Service,DELETE,/d2l/api/bas/(version)/orgunits/(orgUnitId)/associations/(associationId),,,1.4+,1.3,1.2-,https://docs.valence.desire2learn.com/res/awards.html#delete--d2l-api-bas-(version)-orgunits-(orgUnitId)-associations-(associationId)
Award Service,GET,/d2l/api/bas/(version)/orgunits/(orgUnitId)/associations/(associationId),,Awards.Association,1.4+,1.3,1.2-,https://docs.valence.desire2learn.com/res/awards.html#get--d2l-api-bas-(version)-orgunits-(orgUnitId)-associations-(associationId)
Award Service,PUT,/d2l/api/bas/(version)/orgunits/(orgUnitId)/associations/(associationId),Awards.AssociationUpdate,Awards.Association,1.4+,1.3,1.2-,https://docs.valence.desire2learn.com/res/awards.html#put--d2l-api-bas-(version)-orgunits-(orgUnitId)-associations-(associationId)
Award Service,GET,/d2l/api/bas/(version)/orgunits/(orgUnitId)/associations/availableToManage/,,Api.ObjectListPage,1.4+,1.3,1.2-,https://docs.valence.desire2learn.com/res/awards.html#get--d2l-api-bas-(version)-orgunits-(orgUnitId)-associations-availableToManage-
Award Service,GET,/d2l/api/bas/(version)/orgunits/(orgUnitId)/classlist/,,Api.ObjectListPage,1.4+,1.3,1.2-,https://docs.valence.desire2learn.com/res/awards.html#get--d2l-api-bas-(version)-orgunits-(orgUnitId)-classlist-
Award Service,GET,/d2l/api/bas/(version)/orgunits/(orgUnitId)/classlist/users/(userId),,Awards.UserIssuedAwardSummary,1.4+,1.3,1.2-,https://docs.valence.desire2learn.com/res/awards.html#get--d2l-api-bas-(version)-orgunits-(orgUnitId)-classlist-users-(userId)
Award Service,POST,/d2l/api/bas/(version)/orgunits/(orgUnitId)/issued/,Awards.IssuedAwardCreate,Awards.IssuedAward,1.4+,1.3,1.2-,https://docs.valence.desire2learn.com/res/awards.html#post--d2l-api-bas-(version)-orgunits-(orgUnitId)-issued-
Award Service,PUT,/d2l/api/bas/(version)/orgunits/(orgUnitId)/issued/(issuedId),Awards.IssuedAwardUpdate,Awards.IssuedAward,1.4+,1.3,1.2-,https://docs.valence.desire2learn.com/res/awards.html#put--d2l-api-bas-(version)-orgunits-(orgUnitId)-issued-(issuedId)
Award Service,GET,/d2l/api/bas/(version)/orgunits/(orgUnitId)/myConfiguration,,Awards.Configuration,1.4+,1.3,1.2-,https://docs.valence.desire2learn.com/res/awards.html#get--d2l-api-bas-(version)-orgunits-(orgUnitId)-myConfiguration
Award Service,GET,/d2l/api/bas/(version)/orgunits/(orgUnitId)/revocableawards/,,Api.ObjectListPage,1.4+,1.3,1.2-,https://docs.valence.desire2learn.com/res/awards.html#get--d2l-api-bas-(version)-orgunits-(orgUnitId)-revocableawards-
Award Service,GET,/d2l/api/bas/(version)/orgunits/(orgUnitId)/revocableawards/(userId)/,,Awards.IssuedAward,1.4+,1.3,1.2-,https://docs.valence.desire2learn.com/res/awards.html#get--d2l-api-bas-(version)-orgunits-(orgUnitId)-revocableawards-(userId)-
Brightspace For Parents,DELETE,/d2l/api/bfp/(version)/relationships/,User.ParentalRelationshipMapping,,1.0+,,,https://docs.valence.desire2learn.com/res/user.html#delete--d2l-api-bfp-(version)-relationships-
Brightspace For Parents,PUT,/d2l/api/bfp/(version)/relationships/,User.ParentalRelationshipMapping,,1.0+,,,https://docs.valence.desire2learn.com/res/user.html#put--d2l-api-bfp-(version)-relationships-
Brightspace For Parents,GET,/d2l/api/bfp/(version)/relationships/(userId),,User.ParentalRelationshipMapping,1.0+,,,https://docs.valence.desire2learn.com/res/user.html#get--d2l-api-bfp-(version)-relationships-(userId)
EPortfolio,GET,/d2l/api/eP/(version)/activity/,,Api.PagedResultSet,2.5+,,2.4-,https://docs.valence.desire2learn.com/res/epactivity.html#get--d2l-api-eP-(version)-activity-
EPortfolio,GET,/d2l/api/eP/(version)/activity/filters/,,EP.Filter,2.5+,,2.4-,https://docs.valence.desire2learn.com/res/epactivity.html#get--d2l-api-eP-(version)-activity-filters-
EPortfolio,GET,/d2l/api/eP/(version)/activity/my/,,Api.PagedResultSet,2.5+,,2.4-,https://docs.valence.desire2learn.com/res/epactivity.html#get--d2l-api-eP-(version)-activity-my-
EPortfolio,GET,/d2l/api/eP/(version)/activity/shared/,,Api.PagedResultSet,2.5+,,2.4-,https://docs.valence.desire2learn.com/res/epactivity.html#get--d2l-api-eP-(version)-activity-shared-
EPortfolio,DELETE,/d2l/api/eP/(version)/artifact/(objectId),,,2.5+,,2.4-,https://docs.valence.desire2learn.com/res/artifact.html#delete--d2l-api-eP-(version)-artifact-(objectId)
EPortfolio,GET,/d2l/api/eP/(version)/artifact/(objectId),,EP.Artifact,2.5+,,2.4-,https://docs.valence.desire2learn.com/res/artifact.html#get--d2l-api-eP-(version)-artifact-(objectId)
EPortfolio,DELETE,/d2l/api/eP/(version)/artifact/file/(objectId),,,2.5+,,2.4-,https://docs.valence.desire2learn.com/res/artifact.html#delete--d2l-api-eP-(version)-artifact-file-(objectId)
EPortfolio,GET,/d2l/api/eP/(version)/artifact/file/(objectId),,EP.FileArtifact,2.5+,,2.4-,https://docs.valence.desire2learn.com/res/artifact.html#get--d2l-api-eP-(version)-artifact-file-(objectId)
EPortfolio,POST,/d2l/api/eP/(version)/artifact/file/(objectId),EP.FileArtifact,EP.FileArtifact,2.5+,,2.4-,https://docs.valence.desire2learn.com/res/artifact.html#post--d2l-api-eP-(version)-artifact-file-(objectId)
EPortfolio,DELETE,/d2l/api/eP/(version)/artifact/link/(objectId),,,2.5+,,2.4-,https://docs.valence.desire2learn.com/res/artifact.html#delete--d2l-api-eP-(version)-artifact-link-(objectId)
EPortfolio,GET,/d2l/api/eP/(version)/artifact/link/(objectId),,EP.UrlArtifact,2.5+,,2.4-,https://docs.valence.desire2learn.com/res/artifact.html#get--d2l-api-eP-(version)-artifact-link-(objectId)
EPortfolio,POST,/d2l/api/eP/(version)/artifact/link/(objectId),EP.UrlArtifact,EP.UrlArtifact,2.5+,,2.4-,https://docs.valence.desire2learn.com/res/artifact.html#post--d2l-api-eP-(version)-artifact-link-(objectId)
EPortfolio,POST,/d2l/api/eP/(version)/artifacts/file/new,EP.FileArtifact,file,2.5+,,2.4-,https://docs.valence.desire2learn.com/res/artifact.html#post--d2l-api-eP-(version)-artifacts-file-new
EPortfolio,POST,/d2l/api/eP/(version)/artifacts/file/upload,,,2.5+,,2.4-,https://docs.valence.desire2learn.com/res/artifact.html#post--d2l-api-eP-(version)-artifacts-file-upload
EPortfolio,POST,/d2l/api/eP/(version)/artifacts/link/new,EP.UrlArtifact,EP.UrlArtifact,2.5+,,2.4-,https://docs.valence.desire2learn.com/res/artifact.html#post--d2l-api-eP-(version)-artifacts-link-new
EPortfolio,POST,/d2l/api/eP/(version)/collection/(collectionId)/add/(objectId),,,2.5+,,2.4-,https://docs.valence.desire2learn.com/res/collection.html#post--d2l-api-eP-(version)-collection-(collectionId)-add-(objectId)
EPortfolio,POST,/d2l/api/eP/(version)/collection/(collectionId)/remove/(objectId),,,2.5+,,2.4-,https://docs.valence.desire2learn.com/res/collection.html#post--d2l-api-eP-(version)-collection-(collectionId)-remove-(objectId)
EPortfolio,DELETE,/d2l/api/eP/(version)/collection/(objectId),,,2.5+,,2.4-,https://docs.valence.desire2learn.com/res/collection.html#delete--d2l-api-eP-(version)-collection-(objectId)
EPortfolio,GET,/d2l/api/eP/(version)/collection/(objectId),,EP.Collection,2.5+,,2.4-,https://docs.valence.desire2learn.com/res/collection.html#get--d2l-api-eP-(version)-collection-(objectId)
EPortfolio,POST,/d2l/api/eP/(version)/collection/(objectId),EP.Collection,EP.Collection,2.5+,,2.4-,https://docs.valence.desire2learn.com/res/collection.html#post--d2l-api-eP-(version)-collection-(objectId)
EPortfolio,GET,/d2l/api/eP/(version)/collection/(objectId)/contents/,,EP.Collection,2.5+,,2.4-,https://docs.valence.desire2learn.com/res/collection.html#get--d2l-api-eP-(version)-collection-(objectId)-contents-
EPortfolio,POST,/d2l/api/eP/(version)/collections/new,EP.Collection,EP.Collection,2.5+,,2.4-,https://docs.valence.desire2learn.com/res/collection.html#post--d2l-api-eP-(version)-collections-new
EPortfolio,GET,/d2l/api/eP/(version)/dashboard/,,Api.PagedResultSet,2.5+,,2.4-,https://docs.valence.desire2learn.com/res/epactivity.html#get--d2l-api-eP-(version)-dashboard-
EPortfolio,GET,/d2l/api/eP/(version)/dashboard/filters/,,EP.Filter,2.5+,,2.4-,https://docs.valence.desire2learn.com/res/epactivity.html#get--d2l-api-eP-(version)-dashboard-filters-
EPortfolio,GET,/d2l/api/eP/(version)/export/(exportId)/package,,file,2.5+,,2.4-,https://docs.valence.desire2learn.com/res/eport.html#get--d2l-api-eP-(version)-export-(exportId)-package
EPortfolio,GET,/d2l/api/eP/(version)/export/(exportId)/status,,status,2.5+,,2.4-,https://docs.valence.desire2learn.com/res/eport.html#get--d2l-api-eP-(version)-export-(exportId)-status
EPortfolio,POST,/d2l/api/eP/(version)/export/new,JSON array of numbers,,2.5+,,2.4-,https://docs.valence.desire2learn.com/res/eport.html#post--d2l-api-eP-(version)-export-new
EPortfolio,POST,/d2l/api/eP/(version)/export/new/all,,,2.5+,,2.4-,https://docs.valence.desire2learn.com/res/eport.html#post--d2l-api-eP-(version)-export-new-all
EPortfolio,GET,/d2l/api/eP/(version)/ignoredusers/,,JSON array,2.5+,,2.4-,https://docs.valence.desire2learn.com/res/epobject.html#get--d2l-api-eP-(version)-ignoredusers-
EPortfolio,POST,/d2l/api/eP/(version)/ignoredusers/add,D2LID as single JSON number,,2.5+,,2.4-,https://docs.valence.desire2learn.com/res/epobject.html#post--d2l-api-eP-(version)-ignoredusers-add
EPortfolio,POST,/d2l/api/eP/(version)/ignoredusers/remove,D2LID as single JSON number,,2.5+,,2.4-,https://docs.valence.desire2learn.com/res/epobject.html#post--d2l-api-eP-(version)-ignoredusers-remove
EPortfolio,GET,/d2l/api/eP/(version)/import/(importId)/status,,status,2.5+,,2.4-,https://docs.valence.desire2learn.com/res/eport.html#get--d2l-api-eP-(version)-import-(importId)-status
EPortfolio,POST,/d2l/api/eP/(version)/import/new,,import task ID,2.5+,,2.4-,https://docs.valence.desire2learn.com/res/eport.html#post--d2l-api-eP-(version)-import-new
EPortfolio,POST,/d2l/api/eP/(version)/import/newwithdetails,,EP.EpImportJobResponse,2.5+,,2.4-,https://docs.valence.desire2learn.com/res/eport.html#post--d2l-api-eP-(version)-import-newwithdetails
EPortfolio,GET,/d2l/api/eP/(version)/invites/,,Api.PagedResultSet,2.5+,,2.4-,https://docs.valence.desire2learn.com/res/invite.html#get--d2l-api-eP-(version)-invites-
EPortfolio,POST,/d2l/api/eP/(version)/invites/delete,,,2.5+,,2.4-,https://docs.valence.desire2learn.com/res/invite.html#post--d2l-api-eP-(version)-invites-delete
EPortfolio,POST,/d2l/api/eP/(version)/invites/new,,,2.5+,,2.4-,https://docs.valence.desire2learn.com/res/invite.html#post--d2l-api-eP-(version)-invites-new
EPortfolio,POST,/d2l/api/eP/(version)/invites/status,,,2.5+,,2.4-,https://docs.valence.desire2learn.com/res/invite.html#post--d2l-api-eP-(version)-invites-status
EPortfolio,DELETE,/d2l/api/eP/(version)/learningobjective/(objectiveId),,,2.5+,,2.4-,https://docs.valence.desire2learn.com/res/epobjective.html#delete--d2l-api-eP-(version)-learningobjective-(objectiveId)
EPortfolio,GET,/d2l/api/eP/(version)/learningobjective/(objectiveId),,EP.LearningObjective,2.5+,,2.4-,https://docs.valence.desire2learn.com/res/epobjective.html#get--d2l-api-eP-(version)-learningobjective-(objectiveId)
EPortfolio,POST,/d2l/api/eP/(version)/learningobjective/(objectiveId),EP.LearningObjective,EP.LearningObjective,2.5+,,2.4-,https://docs.valence.desire2learn.com/res/epobjective.html#post--d2l-api-eP-(version)-learningobjective-(objectiveId)
EPortfolio,DELETE,/d2l/api/eP/(version)/learningobjective/(objectiveId)/association/(objectId),,,2.5+,,2.4-,https://docs.valence.desire2learn.com/res/epobjective.html#delete--d2l-api-eP-(version)-learningobjective-(objectiveId)-association-(objectId)
EPortfolio,POST,/d2l/api/eP/(version)/learningobjective/(objectiveId)/association/(objectId),,,2.5+,,2.4-,https://docs.valence.desire2learn.com/res/epobjective.html#post--d2l-api-eP-(version)-learningobjective-(objectiveId)-association-(objectId)
EPortfolio,GET,/d2l/api/eP/(version)/newsfeed/,,Api.PagedResultSet,2.5+,,,https://docs.valence.desire2learn.com/res/epactivity.html#get--d2l-api-eP-(version)-newsfeed-
EPortfolio,GET,/d2l/api/eP/(version)/newsfeed/filters/,,EP.Filter,2.5+,,,https://docs.valence.desire2learn.com/res/epactivity.html#get--d2l-api-eP-(version)-newsfeed-filters-
EPortfolio,GET,/d2l/api/eP/(version)/object,,EP.EpObject,2.5+,,2.4-,https://docs.valence.desire2learn.com/res/epobject.html#get--d2l-api-eP-(version)-object
EPortfolio,GET,/d2l/api/eP/(version)/object/(objectId),,EP.EpObject,2.5+,,2.4-,https://docs.valence.desire2learn.com/res/epobject.html#get--d2l-api-eP-(version)-object-(objectId)
EPortfolio,GET,/d2l/api/eP/(version)/object/(objectId)/associations/,,Api.PagedResultSet,2.5+,,2.4-,https://docs.valence.desire2learn.com/res/epobject.html#get--d2l-api-eP-(version)-object-(objectId)-associations-
EPortfolio,DELETE,/d2l/api/eP/(version)/object/(objectId)/comment/(commentId),,,2.5+,,2.4-,https://docs.valence.desire2learn.com/res/epcomment.html#delete--d2l-api-eP-(version)-object-(objectId)-comment-(commentId)
EPortfolio,GET,/d2l/api/eP/(version)/object/(objectId)/comments/,,Api.PagedResultSet,2.5+,,2.4-,https://docs.valence.desire2learn.com/res/epcomment.html#get--d2l-api-eP-(version)-object-(objectId)-comments-
EPortfolio,POST,/d2l/api/eP/(version)/object/(objectId)/comments/new,JSON string,,2.5+,,2.4-,https://docs.valence.desire2learn.com/res/epcomment.html#post--d2l-api-eP-(version)-object-(objectId)-comments-new
EPortfolio,GET,/d2l/api/eP/(version)/object/(objectId)/content,,file,2.5+,,2.4-,https://docs.valence.desire2learn.com/res/epobject.html#get--d2l-api-eP-(version)-object-(objectId)-content
EPortfolio,POST,/d2l/api/eP/(version)/object/(objectId)/share/delete,,,2.5+,,2.4-,https://docs.valence.desire2learn.com/res/epobject.html#post--d2l-api-eP-(version)-object-(objectId)-share-delete
EPortfolio,POST,/d2l/api/eP/(version)/object/(objectId)/share/new,,,2.5+,,2.4-,https://docs.valence.desire2learn.com/res/epobject.html#post--d2l-api-eP-(version)-object-(objectId)-share-new
EPortfolio,GET,/d2l/api/eP/(version)/object/(objectId)/shares/,,Api.PagedResultSet,2.5+,,2.4-,https://docs.valence.desire2learn.com/res/epobject.html#get--d2l-api-eP-(version)-object-(objectId)-shares-
EPortfolio,GET,/d2l/api/eP/(version)/object/(objectId)/tags/,,EP.TagObject,2.5+,,2.4-,https://docs.valence.desire2learn.com/res/epcomment.html#get--d2l-api-eP-(version)-object-(objectId)-tags-
EPortfolio,POST,/d2l/api/eP/(version)/object/(objectId)/tags/add,EP.TagObject,,2.5+,,2.4-,https://docs.valence.desire2learn.com/res/epcomment.html#post--d2l-api-eP-(version)-object-(objectId)-tags-add
EPortfolio,POST,/d2l/api/eP/(version)/object/(objectId)/tags/remove,EP.TagObject,,2.5+,,2.4-,https://docs.valence.desire2learn.com/res/epcomment.html#post--d2l-api-eP-(version)-object-(objectId)-tags-remove
EPortfolio,DELETE,/d2l/api/eP/(version)/object/comment/(commentId),,,2.5+,,2.4-,https://docs.valence.desire2learn.com/res/epcomment.html#delete--d2l-api-eP-(version)-object-comment-(commentId)
EPortfolio,GET,/d2l/api/eP/(version)/object/comments/,,Api.PagedResultSet,2.5+,,2.4-,https://docs.valence.desire2learn.com/res/epcomment.html#get--d2l-api-eP-(version)-object-comments-
EPortfolio,POST,/d2l/api/eP/(version)/object/comments/new,JSON string,,2.5+,,2.4-,https://docs.valence.desire2learn.com/res/epcomment.html#post--d2l-api-eP-(version)-object-comments-new
EPortfolio,GET,/d2l/api/eP/(version)/object/content,,file,2.5+,,2.4-,https://docs.valence.desire2learn.com/res/epobject.html#get--d2l-api-eP-(version)-object-content
EPortfolio,GET,/d2l/api/eP/(version)/object/sharetargets,,Api.PagedResultSet,2.5+,,2.4-,https://docs.valence.desire2learn.com/res/epobject.html#get--d2l-api-eP-(version)-object-sharetargets
EPortfolio,GET,/d2l/api/eP/(version)/object/sharetargets/my,,Api.PagedResultSet,2.5+,,2.4-,https://docs.valence.desire2learn.com/res/epobject.html#get--d2l-api-eP-(version)-object-sharetargets-my
EPortfolio,GET,/d2l/api/eP/(version)/object/sharetargets/sharinggroups,,Api.PagedResultSet,2.5+,,2.4-,https://docs.valence.desire2learn.com/res/epobject.html#get--d2l-api-eP-(version)-object-sharetargets-sharinggroups
EPortfolio,GET,/d2l/api/eP/(version)/object/sharetargets/users,,Api.PagedResultSet,2.5+,,2.4-,https://docs.valence.desire2learn.com/res/epobject.html#get--d2l-api-eP-(version)-object-sharetargets-users
EPortfolio,GET,/d2l/api/eP/(version)/object/thumbnail,,file,2.5+,,2.4-,https://docs.valence.desire2learn.com/res/epobject.html#get--d2l-api-eP-(version)-object-thumbnail
EPortfolio,GET,/d2l/api/eP/(version)/objects/(objectsFilter)/comments/(commentsFilter),,Api.PagedResultSet,2.5+,,2.4-,https://docs.valence.desire2learn.com/res/epcomment.html#get--d2l-api-eP-(version)-objects-(objectsFilter)-comments-(commentsFilter)
EPortfolio,GET,/d2l/api/eP/(version)/objects/my/,,Api.PagedResultSet,2.5+,,2.4-,https://docs.valence.desire2learn.com/res/epobject.html#get--d2l-api-eP-(version)-objects-my-
EPortfolio,GET,/d2l/api/eP/(version)/objects/my/shared/modified/,,Api.PagedResultSet,2.5+,,2.4-,https://docs.valence.desire2learn.com/res/epobject.html#get--d2l-api-eP-(version)-objects-my-shared-modified-
EPortfolio,GET,/d2l/api/eP/(version)/objects/shared/,,Api.PagedResultSet,2.5+,,2.4-,https://docs.valence.desire2learn.com/res/epobject.html#get--d2l-api-eP-(version)-objects-shared-
EPortfolio,GET,/d2l/api/eP/(version)/objects/tags/,,EP.TagObject,2.5+,,2.4-,https://docs.valence.desire2learn.com/res/epcomment.html#get--d2l-api-eP-(version)-objects-tags-
EPortfolio,POST,/d2l/api/eP/(version)/objects/tags/add,EP.TagObject,,2.5+,,2.4-,https://docs.valence.desire2learn.com/res/epcomment.html#post--d2l-api-eP-(version)-objects-tags-add
EPortfolio,POST,/d2l/api/eP/(version)/objects/tags/remove,EP.TagObject,,2.5+,,2.4-,https://docs.valence.desire2learn.com/res/epcomment.html#post--d2l-api-eP-(version)-objects-tags-remove
EPortfolio,DELETE,/d2l/api/eP/(version)/presentation/(objectId),,,2.5+,,2.4-,https://docs.valence.desire2learn.com/res/presentation.html#delete--d2l-api-eP-(version)-presentation-(objectId)
EPortfolio,GET,/d2l/api/eP/(version)/presentation/(objectId),,EP.Presentation,2.5+,,2.4-,https://docs.valence.desire2learn.com/res/presentation.html#get--d2l-api-eP-(version)-presentation-(objectId)
EPortfolio,POST,/d2l/api/eP/(version)/presentation/(objectId),Presentation,EP.Presentation,2.5+,,2.4-,https://docs.valence.desire2learn.com/res/presentation.html#post--d2l-api-eP-(version)-presentation-(objectId)
EPortfolio,POST,/d2l/api/eP/(version)/presentations/new,Presentation,EP.Presentation,2.5+,,2.4-,https://docs.valence.desire2learn.com/res/presentation.html#post--d2l-api-eP-(version)-presentations-new
EPortfolio,DELETE,/d2l/api/eP/(version)/reflection/(objectId),,,2.5+,,2.4-,https://docs.valence.desire2learn.com/res/reflection.html#delete--d2l-api-eP-(version)-reflection-(objectId)
EPortfolio,GET,/d2l/api/eP/(version)/reflection/(objectId),,EP.Reflection,2.5+,,2.4-,https://docs.valence.desire2learn.com/res/reflection.html#get--d2l-api-eP-(version)-reflection-(objectId)
EPortfolio,POST,/d2l/api/eP/(version)/reflection/(objectId),EP.Reflection,EP.Reflection,2.5+,,2.4-,https://docs.valence.desire2learn.com/res/reflection.html#post--d2l-api-eP-(version)-reflection-(objectId)
EPortfolio,DELETE,/d2l/api/eP/(version)/reflection/(reflectionId)/on/(objectId),,,2.5+,,2.4-,https://docs.valence.desire2learn.com/res/reflection.html#delete--d2l-api-eP-(version)-reflection-(reflectionId)-on-(objectId)
EPortfolio,POST,/d2l/api/eP/(version)/reflection/(reflectionId)/on/(objectId),,,2.5+,,2.4-,https://docs.valence.desire2learn.com/res/reflection.html#post--d2l-api-eP-(version)-reflection-(reflectionId)-on-(objectId)
EPortfolio,POST,/d2l/api/eP/(version)/reflections/new,EP.Reflection,EP.Reflection,2.5+,,2.4-,https://docs.valence.desire2learn.com/res/reflection.html#post--d2l-api-eP-(version)-reflections-new
EPortfolio,GET,/d2l/api/eP/(version)/subscriptions/objects/,,EP.EpObject,2.5+,,2.4-,https://docs.valence.desire2learn.com/res/subscription.html#get--d2l-api-eP-(version)-subscriptions-objects-
EPortfolio,DELETE,/d2l/api/eP/(version)/subscriptions/objects/(objectId),,,2.5+,,2.4-,https://docs.valence.desire2learn.com/res/subscription.html#delete--d2l-api-eP-(version)-subscriptions-objects-(objectId)
EPortfolio,POST,/d2l/api/eP/(version)/subscriptions/objects/(objectId),,,2.5+,,2.4-,https://docs.valence.desire2learn.com/res/subscription.html#post--d2l-api-eP-(version)-subscriptions-objects-(objectId)
EPortfolio,GET,/d2l/api/eP/(version)/subscriptions/objects/exists,,boolean,2.5+,,2.4-,https://docs.valence.desire2learn.com/res/subscription.html#get--d2l-api-eP-(version)-subscriptions-objects-exists
EPortfolio,GET,/d2l/api/eP/(version)/subscriptions/users/,,JSON array,2.5+,,2.4-,https://docs.valence.desire2learn.com/res/subscription.html#get--d2l-api-eP-(version)-subscriptions-users-
EPortfolio,DELETE,/d2l/api/eP/(version)/subscriptions/users/(userId),,,2.5+,,2.4-,https://docs.valence.desire2learn.com/res/subscription.html#delete--d2l-api-eP-(version)-subscriptions-users-(userId)
EPortfolio,POST,/d2l/api/eP/(version)/subscriptions/users/(userId),,,2.5+,,2.4-,https://docs.valence.desire2learn.com/res/subscription.html#post--d2l-api-eP-(version)-subscriptions-users-(userId)
EPortfolio,GET,/d2l/api/eP/(version)/subscriptions/users/exists,,boolean,2.5+,,2.4-,https://docs.valence.desire2learn.com/res/subscription.html#get--d2l-api-eP-(version)-subscriptions-users-exists
EPortfolio,POST,/d2l/api/eP/(version)/tags/autocomplete,EP.TagObject,EP.TagObject,2.5+,,2.4-,https://docs.valence.desire2learn.com/res/epcomment.html#post--d2l-api-eP-(version)-tags-autocomplete
EPortfolio,GET,/d2l/api/eP/(version)/users/sharing/,,Api.PagedResultSet,2.5+,,2.4-,https://docs.valence.desire2learn.com/res/epobject.html#get--d2l-api-eP-(version)-users-sharing-
Learning Environment,POST,/d2l/api/le/(apiVersion)/ltiadvantage/quicklinks/orgunit/(orgUnitId)/link/(linkId),,LTI.QuicklinkData,1.82+,1.75-81,1.74-,https://docs.valence.desire2learn.com/res/ltiadvantage.html#post--d2l-api-le-(apiVersion)-ltiadvantage-quicklinks-orgunit-(orgUnitId)-link-(linkId)
Learning Environment,GET,/d2l/api/le/(version)/(orgUnitId)/agents,,Api.ObjectListPage,1.93+,,,https://docs.valence.desire2learn.com/res/intelligentagents.html#get--d2l-api-le-(version)-(orgUnitId)-agents
Learning Environment,POST,/d2l/api/le/(version)/(orgUnitId)/agents,IntelligentAgents.AgentData,IntelligentAgents.AgentData,1.93+,,,https://docs.valence.desire2learn.com/res/intelligentagents.html#post--d2l-api-le-(version)-(orgUnitId)-agents
Learning Environment,DELETE,/d2l/api/le/(version)/(orgUnitId)/agents/(agentId),,,1.93+,,,https://docs.valence.desire2learn.com/res/intelligentagents.html#delete--d2l-api-le-(version)-(orgUnitId)-agents-(agentId)
Learning Environment,GET,/d2l/api/le/(version)/(orgUnitId)/agents/(agentId),,IntelligentAgents.AgentData,1.93+,,,https://docs.valence.desire2learn.com/res/intelligentagents.html#get--d2l-api-le-(version)-(orgUnitId)-agents-(agentId)
Learning Environment,POST,/d2l/api/le/(version)/(orgUnitId)/agents/(agentId),,IntelligentAgents.AgentData,1.93+,,,https://docs.valence.desire2learn.com/res/intelligentagents.html#post--d2l-api-le-(version)-(orgUnitId)-agents-(agentId)
Learning Environment,PUT,/d2l/api/le/(version)/(orgUnitId)/agents/(agentId),IntelligentAgents.AgentData,IntelligentAgents.AgentData,1.93+,,,https://docs.valence.desire2learn.com/res/intelligentagents.html#put--d2l-api-le-(version)-(orgUnitId)-agents-(agentId)
Learning Environment,GET,/d2l/api/le/(version)/(orgUnitId)/agents/(agentId)/runs,,Api.ObjectListPage,1.93+,,,https://docs.valence.desire2learn.com/res/intelligentagents.html#get--d2l-api-le-(version)-(orgUnitId)-agents-(agentId)-runs
Learning Environment,POST,/d2l/api/le/(version)/(orgUnitId)/agents/(agentId)/runs,IntelligentAgents.RunNowData,IntelligentAgents.RunData,1.93+,,,https://docs.valence.desire2learn.com/res/intelligentagents.html#post--d2l-api-le-(version)-(orgUnitId)-agents-(agentId)-runs
Learning Environment,GET,/d2l/api/le/(version)/(orgUnitId)/agents/(agentId)/runs/(runId),,IntelligentAgents.RunData,1.93+,,,https://docs.valence.desire2learn.com/res/intelligentagents.html#get--d2l-api-le-(version)-(orgUnitId)-agents-(agentId)-runs-(runId)
Learning Environment,GET,/d2l/api/le/(version)/(orgUnitId)/agents/categories/,,Api.ObjectListPage,1.93+,,,https://docs.valence.desire2learn.com/res/intelligentagents.html#get--d2l-api-le-(version)-(orgUnitId)-agents-categories-
Learning Environment,POST,/d2l/api/le/(version)/(orgUnitId)/agents/categories/,IntelligentAgents.CategoryData,IntelligentAgents.CategoryData,1.93+,,,https://docs.valence.desire2learn.com/res/intelligentagents.html#post--d2l-api-le-(version)-(orgUnitId)-agents-categories-
Learning Environment,DELETE,/d2l/api/le/(version)/(orgUnitId)/agents/categories/(categoryId),,,1.93+,,,https://docs.valence.desire2learn.com/res/intelligentagents.html#delete--d2l-api-le-(version)-(orgUnitId)-agents-categories-(categoryId)
Learning Environment,GET,/d2l/api/le/(version)/(orgUnitId)/agents/categories/(categoryId),,IntelligentAgents.CategoryData,1.93+,,,https://docs.valence.desire2learn.com/res/intelligentagents.html#get--d2l-api-le-(version)-(orgUnitId)-agents-categories-(categoryId)
Learning Environment,PUT,/d2l/api/le/(version)/(orgUnitId)/agents/categories/(categoryId),IntelligentAgents.CategoryData,IntelligentAgents.CategoryData,1.93+,,,https://docs.valence.desire2learn.com/res/intelligentagents.html#put--d2l-api-le-(version)-(orgUnitId)-agents-categories-(categoryId)
Learning Environment,GET,/d2l/api/le/(version)/(orgUnitId)/agents/deleted,,IntelligentAgents.DeletedAgentData,1.93+,,,https://docs.valence.desire2learn.com/res/intelligentagents.html#get--d2l-api-le-(version)-(orgUnitId)-agents-deleted
Learning Environment,GET,/d2l/api/le/(version)/(orgUnitId)/assessment,,Rubric.RubricAssessment,1.93+,,,https://docs.valence.desire2learn.com/res/assessment.html#get--d2l-api-le-(version)-(orgUnitId)-assessment
Learning Environment,PUT,/d2l/api/le/(version)/(orgUnitId)/assessment,JSON composite,Rubric.RubricAssessment,1.93+,,,https://docs.valence.desire2learn.com/res/assessment.html#put--d2l-api-le-(version)-(orgUnitId)-assessment
Learning Environment,POST,/d2l/api/le/(version)/(orgUnitId)/calendar/event/,Calendar.EventData,Calendar.EventDataInfo,1.82+,1.75-81,1.74-,https://docs.valence.desire2learn.com/res/calendar.html#post--d2l-api-le-(version)-(orgUnitId)-calendar-event-
Learning Environment,DELETE,/d2l/api/le/(version)/(orgUnitId)/calendar/event/(eventId),,,1.82+,1.75-81,1.74-,https://docs.valence.desire2learn.com/res/calendar.html#delete--d2l-api-le-(version)-(orgUnitId)-calendar-event-(eventId)
Learning Environment,GET,/d2l/api/le/(version)/(orgUnitId)/calendar/event/(eventId),,Calendar.EventDataInfo,1.82+,1.75-81,1.74-,https://docs.valence.desire2learn.com/res/calendar.html#get--d2l-api-le-(version)-(orgUnitId)-calendar-event-(eventId)
Learning Environment,PUT,/d2l/api/le/(version)/(orgUnitId)/calendar/event/(eventId),Calendar.EventData,Calendar.EventDataInfo,1.82+,1.75-81,1.74-,https://docs.valence.desire2learn.com/res/calendar.html#put--d2l-api-le-(version)-(orgUnitId)-calendar-event-(eventId)
Learning Environment,GET,/d2l/api/le/(version)/(orgUnitId)/calendar/event/(eventId)/access/,,Api.ObjectListPage,1.82+,1.75-81,1.74-,https://docs.valence.desire2learn.com/res/calendar.html#get--d2l-api-le-(version)-(orgUnitId)-calendar-event-(eventId)-access-
Learning Environment,GET,/d2l/api/le/(version)/(orgUnitId)/calendar/event/(eventId)/occurrences,,Calendar.EventWithOccurrencesInfo,1.94+,,,https://docs.valence.desire2learn.com/res/calendar.html#get--d2l-api-le-(version)-(orgUnitId)-calendar-event-(eventId)-occurrences
Learning Environment,POST,/d2l/api/le/(version)/(orgUnitId)/calendar/event/(eventId)/presenter,Calendar.PresenterInfo,Calendar.EventDataInfo,1.82+,1.75-81,1.74-,https://docs.valence.desire2learn.com/res/calendar.html#post--d2l-api-le-(version)-(orgUnitId)-calendar-event-(eventId)-presenter
Learning Environment,DELETE,/d2l/api/le/(version)/(orgUnitId)/calendar/event/(eventId)/presenter/(userId),,Calendar.EventDataInfo,1.82+,1.75-81,1.74-,https://docs.valence.desire2learn.com/res/calendar.html#delete--d2l-api-le-(version)-(orgUnitId)-calendar-event-(eventId)-presenter-(userId)
Learning Environment,GET,/d2l/api/le/(version)/(orgUnitId)/calendar/events/,,Calendar.EventDataInfo,1.82+,1.75-81,1.74-,https://docs.valence.desire2learn.com/res/calendar.html#get--d2l-api-le-(version)-(orgUnitId)-calendar-events-
Learning Environment,GET,/d2l/api/le/(version)/(orgUnitId)/calendar/events/(userId)/itemCount,,Calendar.EventCountInfo,1.94+,,,https://docs.valence.desire2learn.com/res/calendar.html#get--d2l-api-le-(version)-(orgUnitId)-calendar-events-(userId)-itemCount
Learning Environment,GET,/d2l/api/le/(version)/(orgUnitId)/calendar/events/myEvents/,,Api.ObjectListPage,1.82+,1.75-81,1.74-,https://docs.valence.desire2learn.com/res/calendar.html#get--d2l-api-le-(version)-(orgUnitId)-calendar-events-myEvents-
Learning Environment,GET,/d2l/api/le/(version)/(orgUnitId)/calendar/events/myEvents/itemCount,,Calendar.EventCountInfo,1.82+,1.75-81,1.74-,https://docs.valence.desire2learn.com/res/calendar.html#get--d2l-api-le-(version)-(orgUnitId)-calendar-events-myEvents-itemCount
Learning Environment,GET,/d2l/api/le/(version)/(orgUnitId)/calendar/events/occurrences/,,Api.ObjectListPage,1.94+,,,https://docs.valence.desire2learn.com/res/calendar.html#get--d2l-api-le-(version)-(orgUnitId)-calendar-events-occurrences-
Learning Environment,GET,/d2l/api/le/(version)/(orgUnitId)/calendar/events/orgunits/,,Api.PagedResultSet,1.82+,1.75-81,1.74-,https://docs.valence.desire2learn.com/res/calendar.html#get--d2l-api-le-(version)-(orgUnitId)-calendar-events-orgunits-
Learning Environment,GET,/d2l/api/le/(version)/(orgUnitId)/calendar/events/user/,,Api.PagedResultSet,1.82+,1.75-81,1.74-,https://docs.valence.desire2learn.com/res/calendar.html#get--d2l-api-le-(version)-(orgUnitId)-calendar-events-user-
Learning Environment,GET,/d2l/api/le/(version)/(orgUnitId)/checklists/,,Api.ObjectListPage,1.82+,1.75-81,1.74-,https://docs.valence.desire2learn.com/res/checklist.html#get--d2l-api-le-(version)-(orgUnitId)-checklists-
Learning Environment,POST,/d2l/api/le/(version)/(orgUnitId)/checklists/,Checklist.ChecklistUpdateData,Checklist.ChecklistReadData,1.82+,1.75-81,1.74-,https://docs.valence.desire2learn.com/res/checklist.html#post--d2l-api-le-(version)-(orgUnitId)-checklists-
Learning Environment,DELETE,/d2l/api/le/(version)/(orgUnitId)/checklists/(checklistId),,,1.82+,1.75-81,1.74-,https://docs.valence.desire2learn.com/res/checklist.html#delete--d2l-api-le-(version)-(orgUnitId)-checklists-(checklistId)
Learning Environment,GET,/d2l/api/le/(version)/(orgUnitId)/checklists/(checklistId),,Checklist.ChecklistReadData,1.82+,1.75-81,1.74-,https://docs.valence.desire2learn.com/res/checklist.html#get--d2l-api-le-(version)-(orgUnitId)-checklists-(checklistId)
Learning Environment,PUT,/d2l/api/le/(version)/(orgUnitId)/checklists/(checklistId),Checklist.ChecklistUpdateData,Checklist.ChecklistReadData,1.82+,1.75-81,1.74-,https://docs.valence.desire2learn.com/res/checklist.html#put--d2l-api-le-(version)-(orgUnitId)-checklists-(checklistId)
Learning Environment,GET,/d2l/api/le/(version)/(orgUnitId)/checklists/(checklistId)/categories/,,Api.ObjectListPage,1.82+,1.75-81,1.74-,https://docs.valence.desire2learn.com/res/checklist.html#get--d2l-api-le-(version)-(orgUnitId)-checklists-(checklistId)-categories-
Learning Environment,POST,/d2l/api/le/(version)/(orgUnitId)/checklists/(checklistId)/categories/,Checklist.ChecklistCategoryUpdateData,Checklist.ChecklistCategoryReadData,1.82+,1.75-81,1.74-,https://docs.valence.desire2learn.com/res/checklist.html#post--d2l-api-le-(version)-(orgUnitId)-checklists-(checklistId)-categories-
Learning Environment,DELETE,/d2l/api/le/(version)/(orgUnitId)/checklists/(checklistId)/categories/(categoryId),,,1.82+,1.75-81,1.74-,https://docs.valence.desire2learn.com/res/checklist.html#delete--d2l-api-le-(version)-(orgUnitId)-checklists-(checklistId)-categories-(categoryId)
Learning Environment,GET,/d2l/api/le/(version)/(orgUnitId)/checklists/(checklistId)/categories/(categoryId),,Checklist.ChecklistCategoryReadData,1.82+,1.75-81,1.74-,https://docs.valence.desire2learn.com/res/checklist.html#get--d2l-api-le-(version)-(orgUnitId)-checklists-(checklistId)-categories-(categoryId)
Learning Environment,PUT,/d2l/api/le/(version)/(orgUnitId)/checklists/(checklistId)/categories/(categoryId),Checklist.ChecklistCategoryUpdateData,Checklist.ChecklistCategoryReadData,1.82+,1.75-81,1.74-,https://docs.valence.desire2learn.com/res/checklist.html#put--d2l-api-le-(version)-(orgUnitId)-checklists-(checklistId)-categories-(categoryId)
Learning Environment,GET,/d2l/api/le/(version)/(orgUnitId)/checklists/(checklistId)/items/,,Api.ObjectListPage,1.82+,1.75-81,1.74-,https://docs.valence.desire2learn.com/res/checklist.html#get--d2l-api-le-(version)-(orgUnitId)-checklists-(checklistId)-items-
Learning Environment,POST,/d2l/api/le/(version)/(orgUnitId)/checklists/(checklistId)/items/,Checklist.ChecklistItemUpdateData,Checklist.ChecklistItemReadData,1.82+,1.75-81,1.74-,https://docs.valence.desire2learn.com/res/checklist.html#post--d2l-api-le-(version)-(orgUnitId)-checklists-(checklistId)-items-
Learning Environment,DELETE,/d2l/api/le/(version)/(orgUnitId)/checklists/(checklistId)/items/(checklistItemId),,,1.82+,1.75-81,1.74-,https://docs.valence.desire2learn.com/res/checklist.html#delete--d2l-api-le-(version)-(orgUnitId)-checklists-(checklistId)-items-(checklistItemId)
Learning Environment,GET,/d2l/api/le/(version)/(orgUnitId)/checklists/(checklistId)/items/(checklistItemId),,Checklist.ChecklistItemReadData,1.82+,1.75-81,1.74-,https://docs.valence.desire2learn.com/res/checklist.html#get--d2l-api-le-(version)-(orgUnitId)-checklists-(checklistId)-items-(checklistItemId)
Learning Environment,PUT,/d2l/api/le/(version)/(orgUnitId)/checklists/(checklistId)/items/(checklistItemId),Checklist.ChecklistItemUpdateData,Checklist.ChecklistItemReadData,1.82+,1.75-81,1.74-,https://docs.valence.desire2learn.com/res/checklist.html#put--d2l-api-le-(version)-(orgUnitId)-checklists-(checklistId)-items-(checklistItemId)
Learning Environment,GET,/d2l/api/le/(version)/(orgUnitId)/classlist/,,Enrollment.ClasslistUser,1.82+,1.75-81,1.74-,https://docs.valence.desire2learn.com/res/enroll.html#get--d2l-api-le-(version)-(orgUnitId)-classlist-
Learning Environment,GET,/d2l/api/le/(version)/(orgUnitId)/classlist/paged/,,Api.ObjectListPage,1.82+,1.75-81,1.74-,https://docs.valence.desire2learn.com/res/enroll.html#get--d2l-api-le-(version)-(orgUnitId)-classlist-paged-
Learning Environment,GET,/d2l/api/le/(version)/(orgUnitId)/competencies/structure,,Competency.CompetencyObjectsPage,1.82+,1.75-81,1.74-,https://docs.valence.desire2learn.com/res/competency.html#get--d2l-api-le-(version)-(orgUnitId)-competencies-structure
Learning Environment,GET,/d2l/api/le/(version)/(orgUnitId)/content/bookmarks,,ToC.TableOfContents,1.82+,1.75-81,1.74-,https://docs.valence.desire2learn.com/res/content.html#get--d2l-api-le-(version)-(orgUnitId)-content-bookmarks
Learning Environment,GET,/d2l/api/le/(version)/(orgUnitId)/content/completions/,,ContentCompletions.ContentLearnerProgress,1.82+,1.75-81,1.74-,https://docs.valence.desire2learn.com/res/content.html#get--d2l-api-le-(version)-(orgUnitId)-content-completions-
Learning Environment,GET,/d2l/api/le/(version)/(orgUnitId)/content/completions/mycount/,,Api.ObjectListPage,1.82+,1.75-81,1.74-,https://docs.valence.desire2learn.com/res/content.html#get--d2l-api-le-(version)-(orgUnitId)-content-completions-mycount-
Learning Environment,POST,/d2l/api/le/(version)/(orgUnitId)/content/exemptions/users/(userId)/byFilter/,Exemptions.ItemExemptionInfoFilter,,1.82+,1.75-81,1.74-,https://docs.valence.desire2learn.com/res/content.html#post--d2l-api-le-(version)-(orgUnitId)-content-exemptions-users-(userId)-byFilter-
Learning Environment,POST,/d2l/api/le/(version)/(orgUnitId)/content/exemptions/users/(userId)/byList/,Exemptions.ItemExemptionInfo,,1.82+,1.75-81,1.74-,https://docs.valence.desire2learn.com/res/content.html#post--d2l-api-le-(version)-(orgUnitId)-content-exemptions-users-(userId)-byList-
Learning Environment,POST,/d2l/api/le/(version)/(orgUnitId)/content/exemptions/users/(userId)/byList/delete/,Exemptions.ItemExemptionInfo,,1.82+,1.75-81,1.74-,https://docs.valence.desire2learn.com/res/content.html#post--d2l-api-le-(version)-(orgUnitId)-content-exemptions-users-(userId)-byList-delete-
Learning Environment,DELETE,/d2l/api/le/(version)/(orgUnitId)/content/modules/(moduleId),,,1.82+,1.75-81,1.74-,https://docs.valence.desire2learn.com/res/content.html#delete--d2l-api-le-(version)-(orgUnitId)-content-modules-(moduleId)
Learning Environment,GET,/d2l/api/le/(version)/(orgUnitId)/content/modules/(moduleId),,Content.ContentObject,1.82+,1.75-81,1.74-,https://docs.valence.desire2learn.com/res/content.html#get--d2l-api-le-(version)-(orgUnitId)-content-modules-(moduleId)
Learning Environment,PUT,/d2l/api/le/(version)/(orgUnitId)/content/modules/(moduleId),Content.ContentObjectData,,1.82+,1.75-81,1.74-,https://docs.valence.desire2learn.com/res/content.html#put--d2l-api-le-(version)-(orgUnitId)-content-modules-(moduleId)
Learning Environment,GET,/d2l/api/le/(version)/(orgUnitId)/content/modules/(moduleId)/access/,,Api.ObjectListPage,1.82+,1.75-81,1.74-,https://docs.valence.desire2learn.com/res/content.html#get--d2l-api-le-(version)-(orgUnitId)-content-modules-(moduleId)-access-
Learning Environment,GET,/d2l/api/le/(version)/(orgUnitId)/content/modules/(moduleId)/structure/,,Content.ContentObject,1.82+,1.75-81,1.74-,https://docs.valence.desire2learn.com/res/content.html#get--d2l-api-le-(version)-(orgUnitId)-content-modules-(moduleId)-structure-
Learning Environment,POST,/d2l/api/le/(version)/(orgUnitId)/content/modules/(moduleId)/structure/,see input description,,1.82+,1.75-81,1.74-,https://docs.valence.desire2learn.com/res/content.html#post--d2l-api-le-(version)-(orgUnitId)-content-modules-(moduleId)-structure-
Learning Environment,GET,/d2l/api/le/(version)/(orgUnitId)/content/myItems/,,Api.ObjectListPage,1.82+,1.75-81,1.74-,https://docs.valence.desire2learn.com/res/content.html#get--d2l-api-le-(version)-(orgUnitId)-content-myItems-
Learning Environment,GET,/d2l/api/le/(version)/(orgUnitId)/content/myItems/due/,,Api.ObjectListPage,1.82+,1.75-81,1.74-,https://docs.valence.desire2learn.com/res/content.html#get--d2l-api-le-(version)-(orgUnitId)-content-myItems-due-
Learning Environment,GET,/d2l/api/le/(version)/(orgUnitId)/content/myItems/due/itemCount,,Content.ScheduledItemCount,1.82+,1.75-81,1.74-,https://docs.valence.desire2learn.com/res/content.html#get--d2l-api-le-(version)-(orgUnitId)-content-myItems-due-itemCount
Learning Environment,GET,/d2l/api/le/(version)/(orgUnitId)/content/myItems/itemCount,,Content.ScheduledItemCount,1.82+,1.75-81,1.74-,https://docs.valence.desire2learn.com/res/content.html#get--d2l-api-le-(version)-(orgUnitId)-content-myItems-itemCount
Learning Environment,POST,/d2l/api/le/(version)/(orgUnitId)/content/order/objectId/(objectId),,,1.82+,1.75-81,1.74-,https://docs.valence.desire2learn.com/res/content.html#post--d2l-api-le-(version)-(orgUnitId)-content-order-objectId-(objectId)
Learning Environment,GET,/d2l/api/le/(version)/(orgUnitId)/content/pacing,,Pacing.PacingInfo,1.82+,1.75-81,1.74-,https://docs.valence.desire2learn.com/res/content.html#get--d2l-api-le-(version)-(orgUnitId)-content-pacing
Learning Environment,PUT,/d2l/api/le/(version)/(orgUnitId)/content/pacing,Pacing.PacingData,,1.82+,1.75-81,1.74-,https://docs.valence.desire2learn.com/res/content.html#put--d2l-api-le-(version)-(orgUnitId)-content-pacing
Learning Environment,PUT,/d2l/api/le/(version)/(orgUnitId)/content/pacing/modules/(moduleId),Pacing.ModulePacingData,,1.82+,1.75-81,1.74-,https://docs.valence.desire2learn.com/res/content.html#put--d2l-api-le-(version)-(orgUnitId)-content-pacing-modules-(moduleId)
Learning Environment,GET,/d2l/api/le/(version)/(orgUnitId)/content/recent,,ToC.TableOfContents,1.82+,1.75-81,1.74-,https://docs.valence.desire2learn.com/res/content.html#get--d2l-api-le-(version)-(orgUnitId)-content-recent
Learning Environment,GET,/d2l/api/le/(version)/(orgUnitId)/content/root/,,Content.ContentObject,1.82+,1.75-81,1.74-,https://docs.valence.desire2learn.com/res/content.html#get--d2l-api-le-(version)-(orgUnitId)-content-root-
Learning Environment,POST,/d2l/api/le/(version)/(orgUnitId)/content/root/,Content.ContentObjectData,Content.ContentObject,1.82+,1.75-81,1.74-,https://docs.valence.desire2learn.com/res/content.html#post--d2l-api-le-(version)-(orgUnitId)-content-root-
Learning Environment,GET,/d2l/api/le/(version)/(orgUnitId)/content/toc,,ToC.TableOfContents,1.82+,1.75-81,1.74-,https://docs.valence.desire2learn.com/res/content.html#get--d2l-api-le-(version)-(orgUnitId)-content-toc
Learning Environment,DELETE,/d2l/api/le/(version)/(orgUnitId)/content/topics/(topicId),,,1.82+,1.75-81,1.74-,https://docs.valence.desire2learn.com/res/content.html#delete--d2l-api-le-(version)-(orgUnitId)-content-topics-(topicId)
Learning Environment,GET,/d2l/api/le/(version)/(orgUnitId)/content/topics/(topicId),,Content.ContentObject,1.82+,1.75-81,1.74-,https://docs.valence.desire2learn.com/res/content.html#get--d2l-api-le-(version)-(orgUnitId)-content-topics-(topicId)
Learning Environment,PUT,/d2l/api/le/(version)/(orgUnitId)/content/topics/(topicId),Content.ContentObjectData,,1.82+,1.75-81,1.74-,https://docs.valence.desire2learn.com/res/content.html#put--d2l-api-le-(version)-(orgUnitId)-content-topics-(topicId)
Learning Environment,GET,/d2l/api/le/(version)/(orgUnitId)/content/topics/(topicId)/access/,,Api.ObjectListPage,1.82+,1.75-81,1.74-,https://docs.valence.desire2learn.com/res/content.html#get--d2l-api-le-(version)-(orgUnitId)-content-topics-(topicId)-access-
Learning Environment,GET,/d2l/api/le/(version)/(orgUnitId)/content/topics/(topicId)/captions,,Api.ObjectListPage,1.82+,1.75-81,1.74-,https://docs.valence.desire2learn.com/res/content.html#get--d2l-api-le-(version)-(orgUnitId)-content-topics-(topicId)-captions
Learning Environment,DELETE,/d2l/api/le/(version)/(orgUnitId)/content/topics/(topicId)/captions/(language),,,1.82+,1.75-81,1.74-,https://docs.valence.desire2learn.com/res/content.html#delete--d2l-api-le-(version)-(orgUnitId)-content-topics-(topicId)-captions-(language)
Learning Environment,PUT,/d2l/api/le/(version)/(orgUnitId)/content/topics/(topicId)/captions/(language),,Captions.CaptionsMetadata,1.82+,1.75-81,1.74-,https://docs.valence.desire2learn.com/res/content.html#put--d2l-api-le-(version)-(orgUnitId)-content-topics-(topicId)-captions-(language)
Learning Environment,GET,/d2l/api/le/(version)/(orgUnitId)/content/topics/(topicId)/completions/,,Api.ObjectListPage,1.82+,1.75-81,1.74-,https://docs.valence.desire2learn.com/res/content.html#get--d2l-api-le-(version)-(orgUnitId)-content-topics-(topicId)-completions-
Learning Environment,GET,/d2l/api/le/(version)/(orgUnitId)/content/topics/(topicId)/completions/users/(userId),,ContentCompletions.ContentTopicCompletion,1.82+,1.75-81,1.74-,https://docs.valence.desire2learn.com/res/content.html#get--d2l-api-le-(version)-(orgUnitId)-content-topics-(topicId)-completions-users-(userId)
Learning Environment,PUT,/d2l/api/le/(version)/(orgUnitId)/content/topics/(topicId)/completions/users/(userId),ContentCompletions.ContentTopicCompletionUpdate,,1.82+,1.75-81,1.74-,https://docs.valence.desire2learn.com/res/content.html#put--d2l-api-le-(version)-(orgUnitId)-content-topics-(topicId)-completions-users-(userId)
Learning Environment,GET,/d2l/api/le/(version)/(orgUnitId)/content/topics/(topicId)/file,,file,1.82+,1.75-81,1.74-,https://docs.valence.desire2learn.com/res/content.html#get--d2l-api-le-(version)-(orgUnitId)-content-topics-(topicId)-file
Learning Environment,PUT,/d2l/api/le/(version)/(orgUnitId)/content/topics/(topicId)/file,,,1.82+,1.75-81,1.74-,https://docs.valence.desire2learn.com/res/content.html#put--d2l-api-le-(version)-(orgUnitId)-content-topics-(topicId)-file
Learning Environment,GET,/d2l/api/le/(version)/(orgUnitId)/content/userprogress/,,Api.ObjectListPage,unstable,,,https://docs.valence.desire2learn.com/res/content.html#get--d2l-api-le-(version)-(orgUnitId)-content-userprogress-
Learning Environment,POST,/d2l/api/le/(version)/(orgUnitId)/content/userprogress/,UserProgress.UserProgressData,UserProgress.UserProgressData,unstable,,,https://docs.valence.desire2learn.com/res/content.html#post--d2l-api-le-(version)-(orgUnitId)-content-userprogress-
Learning Environment,GET,/d2l/api/le/(version)/(orgUnitId)/content/userprogress/(topicId),,UserProgress.UserProgressData,unstable,,,https://docs.valence.desire2learn.com/res/content.html#get--d2l-api-le-(version)-(orgUnitId)-content-userprogress-(topicId)
Learning Environment,GET,/d2l/api/le/(version)/(orgUnitId)/discussions/deleted,,Discussions.DeletedDiscussionsData,1.95+,,,https://docs.valence.desire2learn.com/res/discuss.html#get--d2l-api-le-(version)-(orgUnitId)-discussions-deleted
Learning Environment,GET,/d2l/api/le/(version)/(orgUnitId)/discussions/forums/,,Discussions.Forum,1.82+,1.75-81,1.74-,https://docs.valence.desire2learn.com/res/discuss.html#get--d2l-api-le-(version)-(orgUnitId)-discussions-forums-
Learning Environment,POST,/d2l/api/le/(version)/(orgUnitId)/discussions/forums/,Discussions.ForumData,Discussions.Forum,1.82+,1.75-81,1.74-,https://docs.valence.desire2learn.com/res/discuss.html#post--d2l-api-le-(version)-(orgUnitId)-discussions-forums-
Learning Environment,DELETE,/d2l/api/le/(version)/(orgUnitId)/discussions/forums/(forumId),,,1.82+,1.75-81,1.74-,https://docs.valence.desire2learn.com/res/discuss.html#delete--d2l-api-le-(version)-(orgUnitId)-discussions-forums-(forumId)
Learning Environment,GET,/d2l/api/le/(version)/(orgUnitId)/discussions/forums/(forumId),,Discussions.Forum,1.82+,1.75-81,1.74-,https://docs.valence.desire2learn.com/res/discuss.html#get--d2l-api-le-(version)-(orgUnitId)-discussions-forums-(forumId)
Learning Environment,PUT,/d2l/api/le/(version)/(orgUnitId)/discussions/forums/(forumId),Discussions.ForumData,Discussions.Forum,1.82+,1.75-81,1.74-,https://docs.valence.desire2learn.com/res/discuss.html#put--d2l-api-le-(version)-(orgUnitId)-discussions-forums-(forumId)
Learning Environment,GET,/d2l/api/le/(version)/(orgUnitId)/discussions/forums/(forumId)/access/,,Api.ObjectListPage,1.82+,1.75-81,1.74-,https://docs.valence.desire2learn.com/res/discuss.html#get--d2l-api-le-(version)-(orgUnitId)-discussions-forums-(forumId)-access-
Learning Environment,POST,/d2l/api/le/(version)/(orgUnitId)/discussions/forums/(forumId)/copy,Discussions.CopyForumData,Discussions.Forum,,,,https://docs.valence.desire2learn.com/res/discuss.html#post--d2l-api-le-(version)-(orgUnitId)-discussions-forums-(forumId)-copy
Learning Environment,POST,/d2l/api/le/(version)/(orgUnitId)/discussions/forums/(forumId)/order,,none,1.95+,,,https://docs.valence.desire2learn.com/res/discuss.html#post--d2l-api-le-(version)-(orgUnitId)-discussions-forums-(forumId)-order
Learning Environment,POST,/d2l/api/le/(version)/(orgUnitId)/discussions/forums/(forumId)/restore,,,1.95+,,,https://docs.valence.desire2learn.com/res/discuss.html#post--d2l-api-le-(version)-(orgUnitId)-discussions-forums-(forumId)-restore
Learning Environment,GET,/d2l/api/le/(version)/(orgUnitId)/discussions/forums/(forumId)/statistics,,Discussions.ForumStats,1.95+,,,https://docs.valence.desire2learn.com/res/discuss.html#get--d2l-api-le-(version)-(orgUnitId)-discussions-forums-(forumId)-statistics
Learning Environment,GET,/d2l/api/le/(version)/(orgUnitId)/discussions/forums/(forumId)/topics/,,Discussions.Topic,1.82+,1.75-81,1.74-,https://docs.valence.desire2learn.com/res/discuss.html#get--d2l-api-le-(version)-(orgUnitId)-discussions-forums-(forumId)-topics-
Learning Environment,POST,/d2l/api/le/(version)/(orgUnitId)/discussions/forums/(forumId)/topics/,Discussions.CreateTopicData,Discussions.Topic,1.82+,1.75-81,1.74-,https://docs.valence.desire2learn.com/res/discuss.html#post--d2l-api-le-(version)-(orgUnitId)-discussions-forums-(forumId)-topics-
Learning Environment,DELETE,/d2l/api/le/(version)/(orgUnitId)/discussions/forums/(forumId)/topics/(topicId),,,1.82+,1.75-81,1.74-,https://docs.valence.desire2learn.com/res/discuss.html#delete--d2l-api-le-(version)-(orgUnitId)-discussions-forums-(forumId)-topics-(topicId)
Learning Environment,GET,/d2l/api/le/(version)/(orgUnitId)/discussions/forums/(forumId)/topics/(topicId),,Discussions.Topic,1.82+,1.75-81,1.74-,https://docs.valence.desire2learn.com/res/discuss.html#get--d2l-api-le-(version)-(orgUnitId)-discussions-forums-(forumId)-topics-(topicId)
Learning Environment,PUT,/d2l/api/le/(version)/(orgUnitId)/discussions/forums/(forumId)/topics/(topicId),Discussions.CreateTopicData,Discussions.Topic,1.82+,1.75-81,1.74-,https://docs.valence.desire2learn.com/res/discuss.html#put--d2l-api-le-(version)-(orgUnitId)-discussions-forums-(forumId)-topics-(topicId)
Learning Environment,GET,/d2l/api/le/(version)/(orgUnitId)/discussions/forums/(forumId)/topics/(topicId)/access/,,Api.ObjectListPage,1.82+,1.75-81,1.74-,https://docs.valence.desire2learn.com/res/discuss.html#get--d2l-api-le-(version)-(orgUnitId)-discussions-forums-(forumId)-topics-(topicId)-access-
Learning Environment,POST,/d2l/api/le/(version)/(orgUnitId)/discussions/forums/(forumId)/topics/(topicId)/copy,Discussions.CopyTopicData,Discussions.Topic,1.95+,,,https://docs.valence.desire2learn.com/res/discuss.html#post--d2l-api-le-(version)-(orgUnitId)-discussions-forums-(forumId)-topics-(topicId)-copy
Learning Environment,GET,/d2l/api/le/(version)/(orgUnitId)/discussions/forums/(forumId)/topics/(topicId)/exemption,,D2LID,1.95+,,,https://docs.valence.desire2learn.com/res/discuss.html#get--d2l-api-le-(version)-(orgUnitId)-discussions-forums-(forumId)-topics-(topicId)-exemption
Learning Environment,DELETE,/d2l/api/le/(version)/(orgUnitId)/discussions/forums/(forumId)/topics/(topicId)/groupRestrictions/,Discussions.GroupRestriction,,1.82+,1.75-81,1.74-,https://docs.valence.desire2learn.com/res/discuss.html#delete--d2l-api-le-(version)-(orgUnitId)-discussions-forums-(forumId)-topics-(topicId)-groupRestrictions-
Learning Environment,GET,/d2l/api/le/(version)/(orgUnitId)/discussions/forums/(forumId)/topics/(topicId)/groupRestrictions/,,Discussions.GroupRestriction,1.82+,1.75-81,1.74-,https://docs.valence.desire2learn.com/res/discuss.html#get--d2l-api-le-(version)-(orgUnitId)-discussions-forums-(forumId)-topics-(topicId)-groupRestrictions-
Learning Environment,PUT,/d2l/api/le/(version)/(orgUnitId)/discussions/forums/(forumId)/topics/(topicId)/groupRestrictions/,Discussions.GroupRestriction,,1.82+,1.75-81,1.74-,https://docs.valence.desire2learn.com/res/discuss.html#put--d2l-api-le-(version)-(orgUnitId)-discussions-forums-(forumId)-topics-(topicId)-groupRestrictions-
Learning Environment,POST,/d2l/api/le/(version)/(orgUnitId)/discussions/forums/(forumId)/topics/(topicId)/order,,none,1.95+,,,https://docs.valence.desire2learn.com/res/discuss.html#post--d2l-api-le-(version)-(orgUnitId)-discussions-forums-(forumId)-topics-(topicId)-order
Learning Environment,GET,/d2l/api/le/(version)/(orgUnitId)/discussions/forums/(forumId)/topics/(topicId)/posts/,,Discussions.Post,1.82+,1.75-81,1.74-,https://docs.valence.desire2learn.com/res/discuss.html#get--d2l-api-le-(version)-(orgUnitId)-discussions-forums-(forumId)-topics-(topicId)-posts-
Learning Environment,POST,/d2l/api/le/(version)/(orgUnitId)/discussions/forums/(forumId)/topics/(topicId)/posts/,Discussions.CreatePostData,Discussions.Post,1.82+,1.75-81,1.74-,https://docs.valence.desire2learn.com/res/discuss.html#post--d2l-api-le-(version)-(orgUnitId)-discussions-forums-(forumId)-topics-(topicId)-posts-
Learning Environment,DELETE,/d2l/api/le/(version)/(orgUnitId)/discussions/forums/(forumId)/topics/(topicId)/posts/(postId),,,1.82+,1.75-81,1.74-,https://docs.valence.desire2learn.com/res/discuss.html#delete--d2l-api-le-(version)-(orgUnitId)-discussions-forums-(forumId)-topics-(topicId)-posts-(postId)
Learning Environment,GET,/d2l/api/le/(version)/(orgUnitId)/discussions/forums/(forumId)/topics/(topicId)/posts/(postId),,Discussions.Post,1.82+,1.75-81,1.74-,https://docs.valence.desire2learn.com/res/discuss.html#get--d2l-api-le-(version)-(orgUnitId)-discussions-forums-(forumId)-topics-(topicId)-posts-(postId)
Learning Environment,PUT,/d2l/api/le/(version)/(orgUnitId)/discussions/forums/(forumId)/topics/(topicId)/posts/(postId),Discussions.UpdatePostData,Discussions.Post,1.82+,1.75-81,1.74-,https://docs.valence.desire2learn.com/res/discuss.html#put--d2l-api-le-(version)-(orgUnitId)-discussions-forums-(forumId)-topics-(topicId)-posts-(postId)
Learning Environment,GET,/d2l/api/le/(version)/(orgUnitId)/discussions/forums/(forumId)/topics/(topicId)/posts/(postId)/Approval,,Discussions.ApprovalData,1.82+,1.75-81,1.74-,https://docs.valence.desire2learn.com/res/discuss.html#get--d2l-api-le-(version)-(orgUnitId)-discussions-forums-(forumId)-topics-(topicId)-posts-(postId)-Approval
Learning Environment,PUT,/d2l/api/le/(version)/(orgUnitId)/discussions/forums/(forumId)/topics/(topicId)/posts/(postId)/Approval,Discussions.ApprovalData,Discussions.ApprovalData,1.82+,1.75-81,1.74-,https://docs.valence.desire2learn.com/res/discuss.html#put--d2l-api-le-(version)-(orgUnitId)-discussions-forums-(forumId)-topics-(topicId)-posts-(postId)-Approval
Learning Environment,GET,/d2l/api/le/(version)/(orgUnitId)/discussions/forums/(forumId)/topics/(topicId)/posts/(postId)/Flag,,Discussions.FlagData,1.82+,1.75-81,1.74-,https://docs.valence.desire2learn.com/res/discuss.html#get--d2l-api-le-(version)-(orgUnitId)-discussions-forums-(forumId)-topics-(topicId)-posts-(postId)-Flag
Learning Environment,PUT,/d2l/api/le/(version)/(orgUnitId)/discussions/forums/(forumId)/topics/(topicId)/posts/(postId)/Flag,Discussions.FlagData,Discussions.FlagData,1.82+,1.75-81,1.74-,https://docs.valence.desire2learn.com/res/discuss.html#put--d2l-api-le-(version)-(orgUnitId)-discussions-forums-(forumId)-topics-(topicId)-posts-(postId)-Flag
Learning Environment,GET,/d2l/api/le/(version)/(orgUnitId)/discussions/forums/(forumId)/topics/(topicId)/posts/(postId)/Rating,,Discussions.RatingData,1.82+,1.75-81,1.74-,https://docs.valence.desire2learn.com/res/discuss.html#get--d2l-api-le-(version)-(orgUnitId)-discussions-forums-(forumId)-topics-(topicId)-posts-(postId)-Rating
Learning Environment,DELETE,/d2l/api/le/(version)/(orgUnitId)/discussions/forums/(forumId)/topics/(topicId)/posts/(postId)/Rating/MyRating,,,1.82+,1.75-81,1.74-,https://docs.valence.desire2learn.com/res/discuss.html#delete--d2l-api-le-(version)-(orgUnitId)-discussions-forums-(forumId)-topics-(topicId)-posts-(postId)-Rating-MyRating
Learning Environment,GET,/d2l/api/le/(version)/(orgUnitId)/discussions/forums/(forumId)/topics/(topicId)/posts/(postId)/Rating/MyRating,,Discussions.UserRatingData,1.82+,1.75-81,1.74-,https://docs.valence.desire2learn.com/res/discuss.html#get--d2l-api-le-(version)-(orgUnitId)-discussions-forums-(forumId)-topics-(topicId)-posts-(postId)-Rating-MyRating
Learning Environment,PUT,/d2l/api/le/(version)/(orgUnitId)/discussions/forums/(forumId)/topics/(topicId)/posts/(postId)/Rating/MyRating,Discussions.UserRatingData,Discussions.UserRatingData,1.82+,1.75-81,1.74-,https://docs.valence.desire2learn.com/res/discuss.html#put--d2l-api-le-(version)-(orgUnitId)-discussions-forums-(forumId)-topics-(topicId)-posts-(postId)-Rating-MyRating
Learning Environment,GET,/d2l/api/le/(version)/(orgUnitId)/discussions/forums/(forumId)/topics/(topicId)/posts/(postId)/ReadStatus,,Discussions.ReadStatusData,1.82+,1.75-81,1.74-,https://docs.valence.desire2learn.com/res/discuss.html#get--d2l-api-le-(version)-(orgUnitId)-discussions-forums-(forumId)-topics-(topicId)-posts-(postId)-ReadStatus
Learning Environment,PUT,/d2l/api/le/(version)/(orgUnitId)/discussions/forums/(forumId)/topics/(topicId)/posts/(postId)/ReadStatus,Discussions.ReadStatusData,Discussions.ReadStatusData,1.82+,1.75-81,1.74-,https://docs.valence.desire2learn.com/res/discuss.html#put--d2l-api-le-(version)-(orgUnitId)-discussions-forums-(forumId)-topics-(topicId)-posts-(postId)-ReadStatus
Learning Environment,GET,/d2l/api/le/(version)/(orgUnitId)/discussions/forums/(forumId)/topics/(topicId)/posts/(postId)/Votes,,Discussions.VotesData,1.82+,1.75-81,1.74-,https://docs.valence.desire2learn.com/res/discuss.html#get--d2l-api-le-(version)-(orgUnitId)-discussions-forums-(forumId)-topics-(topicId)-posts-(postId)-Votes
Learning Environment,GET,/d2l/api/le/(version)/(orgUnitId)/discussions/forums/(forumId)/topics/(topicId)/posts/(postId)/Votes/MyVote,,Discussions.UserVoteData,1.82+,1.75-81,1.74-,https://docs.valence.desire2learn.com/res/discuss.html#get--d2l-api-le-(version)-(orgUnitId)-discussions-forums-(forumId)-topics-(topicId)-posts-(postId)-Votes-MyVote
Learning Environment,PUT,/d2l/api/le/(version)/(orgUnitId)/discussions/forums/(forumId)/topics/(topicId)/posts/(postId)/Votes/MyVote,Discussions.UserVoteData,,1.82+,1.75-81,1.74-,https://docs.valence.desire2learn.com/res/discuss.html#put--d2l-api-le-(version)-(orgUnitId)-discussions-forums-(forumId)-topics-(topicId)-posts-(postId)-Votes-MyVote
Learning Environment,GET,/d2l/api/le/(version)/(orgUnitId)/discussions/forums/(forumId)/topics/(topicId)/posts/(postId)/attachments/(fileId),,Discussions.Post,1.95+,,,https://docs.valence.desire2learn.com/res/discuss.html#get--d2l-api-le-(version)-(orgUnitId)-discussions-forums-(forumId)-topics-(topicId)-posts-(postId)-attachments-(fileId)
Learning Environment,POST,/d2l/api/le/(version)/(orgUnitId)/discussions/forums/(forumId)/topics/(topicId)/posts/(postId)/pin,,none,1.95+,,,https://docs.valence.desire2learn.com/res/discuss.html#post--d2l-api-le-(version)-(orgUnitId)-discussions-forums-(forumId)-topics-(topicId)-posts-(postId)-pin
Learning Environment,POST,/d2l/api/le/(version)/(orgUnitId)/discussions/forums/(forumId)/topics/(topicId)/posts/(postId)/unpin,,none,1.95+,,,https://docs.valence.desire2learn.com/res/discuss.html#post--d2l-api-le-(version)-(orgUnitId)-discussions-forums-(forumId)-topics-(topicId)-posts-(postId)-unpin
Learning Environment,POST,/d2l/api/le/(version)/(orgUnitId)/discussions/forums/(forumId)/topics/(topicId)/restore,,,1.95+,,,https://docs.valence.desire2learn.com/res/discuss.html#post--d2l-api-le-(version)-(orgUnitId)-discussions-forums-(forumId)-topics-(topicId)-restore
Learning Environment,GET,/d2l/api/le/(version)/(orgUnitId)/discussions/forums/(forumId)/topics/(topicId)/statistics,,Discussions.TopicStats,1.95+,,,https://docs.valence.desire2learn.com/res/discuss.html#get--d2l-api-le-(version)-(orgUnitId)-discussions-forums-(forumId)-topics-(topicId)-statistics
Learning Environment,DELETE,/d2l/api/le/(version)/(orgUnitId)/discussions/forums/(forumId)/topics/(topicId)/user/(userId)/exemption,,,1.95+,,,https://docs.valence.desire2learn.com/res/discuss.html#delete--d2l-api-le-(version)-(orgUnitId)-discussions-forums-(forumId)-topics-(topicId)-user-(userId)-exemption
Learning Environment,POST,/d2l/api/le/(version)/(orgUnitId)/discussions/forums/(forumId)/topics/(topicId)/user/(userId)/exemption,,,1.95+,,,https://docs.valence.desire2learn.com/res/discuss.html#post--d2l-api-le-(version)-(orgUnitId)-discussions-forums-(forumId)-topics-(topicId)-user-(userId)-exemption
Learning Environment,GET,/d2l/api/le/(version)/(orgUnitId)/discussions/forums/(forumId)/topics/(topicId)/userstatistics,,Discussions.TopicUserStats,1.95+,,,https://docs.valence.desire2learn.com/res/discuss.html#get--d2l-api-le-(version)-(orgUnitId)-discussions-forums-(forumId)-topics-(topicId)-userstatistics
Learning Environment,GET,/d2l/api/le/(version)/(orgUnitId)/discussions/forumtopicstatistics,,Discussions.OrgUnitForumStats,1.95+,,,https://docs.valence.desire2learn.com/res/discuss.html#get--d2l-api-le-(version)-(orgUnitId)-discussions-forumtopicstatistics
Learning Environment,GET,/d2l/api/le/(version)/(orgUnitId)/discussions/statistics,,Discussions.OrgUnitOverallStats,1.95+,,,https://docs.valence.desire2learn.com/res/discuss.html#get--d2l-api-le-(version)-(orgUnitId)-discussions-statistics
Learning Environment,GET,/d2l/api/le/(version)/(orgUnitId)/discussions/userstatistics,,Discussions.OrgUnitUserStats,1.95+,,,https://docs.valence.desire2learn.com/res/discuss.html#get--d2l-api-le-(version)-(orgUnitId)-discussions-userstatistics
Learning Environment,GET,/d2l/api/le/(version)/(orgUnitId)/dropbox/categories/,,Dropbox.DropboxCategory,1.82+,1.75-81,1.74-,https://docs.valence.desire2learn.com/res/dropbox.html#get--d2l-api-le-(version)-(orgUnitId)-dropbox-categories-
Learning Environment,POST,/d2l/api/le/(version)/(orgUnitId)/dropbox/categories/,,Dropbox.DropboxCategory,1.82+,1.75-81,1.74-,https://docs.valence.desire2learn.com/res/dropbox.html#post--d2l-api-le-(version)-(orgUnitId)-dropbox-categories-
Learning Environment,DELETE,/d2l/api/le/(version)/(orgUnitId)/dropbox/categories/(categoryId),,,1.82+,1.75-81,1.74-,https://docs.valence.desire2learn.com/res/dropbox.html#delete--d2l-api-le-(version)-(orgUnitId)-dropbox-categories-(categoryId)
Learning Environment,GET,/d2l/api/le/(version)/(orgUnitId)/dropbox/categories/(categoryId),,Dropbox.DropboxCategoryWithFolders,1.82+,1.75-81,1.74-,https://docs.valence.desire2learn.com/res/dropbox.html#get--d2l-api-le-(version)-(orgUnitId)-dropbox-categories-(categoryId)
Learning Environment,PUT,/d2l/api/le/(version)/(orgUnitId)/dropbox/categories/(categoryId),,Dropbox.DropboxCategory,1.82+,1.75-81,1.74-,https://docs.valence.desire2learn.com/res/dropbox.html#put--d2l-api-le-(version)-(orgUnitId)-dropbox-categories-(categoryId)
Learning Environment,GET,/d2l/api/le/(version)/(orgUnitId)/dropbox/folders/,,Dropbox.DropboxFolder,1.82+,1.75-81,1.74-,https://docs.valence.desire2learn.com/res/dropbox.html#get--d2l-api-le-(version)-(orgUnitId)-dropbox-folders-
Learning Environment,POST,/d2l/api/le/(version)/(orgUnitId)/dropbox/folders/,,Dropbox.DropboxFolder,1.82+,1.75-81,1.74-,https://docs.valence.desire2learn.com/res/dropbox.html#post--d2l-api-le-(version)-(orgUnitId)-dropbox-folders-
Learning Environment,DELETE,/d2l/api/le/(version)/(orgUnitId)/dropbox/folders/(folderId),,,1.82+,1.75-81,1.74-,https://docs.valence.desire2learn.com/res/dropbox.html#delete--d2l-api-le-(version)-(orgUnitId)-dropbox-folders-(folderId)
Learning Environment,GET,/d2l/api/le/(version)/(orgUnitId)/dropbox/folders/(folderId),,Dropbox.DropboxFolder,1.82+,1.75-81,1.74-,https://docs.valence.desire2learn.com/res/dropbox.html#get--d2l-api-le-(version)-(orgUnitId)-dropbox-folders-(folderId)
Learning Environment,PUT,/d2l/api/le/(version)/(orgUnitId)/dropbox/folders/(folderId),,Dropbox.DropboxFolder,1.82+,1.75-81,1.74-,https://docs.valence.desire2learn.com/res/dropbox.html#put--d2l-api-le-(version)-(orgUnitId)-dropbox-folders-(folderId)
Learning Environment,GET,/d2l/api/le/(version)/(orgUnitId)/dropbox/folders/(folderId)/access/,,Api.ObjectListPage,1.82+,1.75-81,1.74-,https://docs.valence.desire2learn.com/res/dropbox.html#get--d2l-api-le-(version)-(orgUnitId)-dropbox-folders-(folderId)-access-
Learning Environment,GET,/d2l/api/le/(version)/(orgUnitId)/dropbox/folders/(folderId)/attachments/(fileId),,file,1.82+,1.75-81,1.74-,https://docs.valence.desire2learn.com/res/dropbox.html#get--d2l-api-le-(version)-(orgUnitId)-dropbox-folders-(folderId)-attachments-(fileId)
Learning Environment,PUT,/d2l/api/le/(version)/(orgUnitId)/dropbox/folders/(folderId)/entities/(entityId)/completion,,Dropbox.EntityCompletionDate,1.82+,1.75-81,1.74-,https://docs.valence.desire2learn.com/res/dropbox.html#put--d2l-api-le-(version)-(orgUnitId)-dropbox-folders-(folderId)-entities-(entityId)-completion
Learning Environment,GET,/d2l/api/le/(version)/(orgUnitId)/dropbox/folders/(folderId)/feedback/(entityType)/(entityId),,Dropbox.DropboxFeedbackOut,1.82+,1.75-81,1.74-,https://docs.valence.desire2learn.com/res/dropbox.html#get--d2l-api-le-(version)-(orgUnitId)-dropbox-folders-(folderId)-feedback-(entityType)-(entityId)
Learning Environment,POST,/d2l/api/le/(version)/(orgUnitId)/dropbox/folders/(folderId)/feedback/(entityType)/(entityId),Dropbox.DropboxFeedback,,1.82+,1.75-81,1.74-,https://docs.valence.desire2learn.com/res/dropbox.html#post--d2l-api-le-(version)-(orgUnitId)-dropbox-folders-(folderId)-feedback-(entityType)-(entityId)
Learning Environment,POST,/d2l/api/le/(version)/(orgUnitId)/dropbox/folders/(folderId)/feedback/(entityType)/(entityId)/attach,,,1.82+,1.75-81,1.74-,https://docs.valence.desire2learn.com/res/dropbox.html#post--d2l-api-le-(version)-(orgUnitId)-dropbox-folders-(folderId)-feedback-(entityType)-(entityId)-attach
Learning Environment,DELETE,/d2l/api/le/(version)/(orgUnitId)/dropbox/folders/(folderId)/feedback/(entityType)/(entityId)/attachments/(fileId),,,1.82+,1.75-81,1.74-,https://docs.valence.desire2learn.com/res/dropbox.html#delete--d2l-api-le-(version)-(orgUnitId)-dropbox-folders-(folderId)-feedback-(entityType)-(entityId)-attachments-(fileId)
Learning Environment,GET,/d2l/api/le/(version)/(orgUnitId)/dropbox/folders/(folderId)/feedback/(entityType)/(entityId)/attachments/(fileId),,file,1.82+,1.75-81,1.74-,https://docs.valence.desire2learn.com/res/dropbox.html#get--d2l-api-le-(version)-(orgUnitId)-dropbox-folders-(folderId)-feedback-(entityType)-(entityId)-attachments-(fileId)
Learning Environment,GET,/d2l/api/le/(version)/(orgUnitId)/dropbox/folders/(folderId)/feedback/(entityType)/(entityId)/links/(linkId),,file,1.82+,1.79-81,,https://docs.valence.desire2learn.com/res/dropbox.html#get--d2l-api-le-(version)-(orgUnitId)-dropbox-folders-(folderId)-feedback-(entityType)-(entityId)-links-(linkId)
Learning Environment,POST,/d2l/api/le/(version)/(orgUnitId)/dropbox/folders/(folderId)/feedback/(entityType)/(entityId)/upload,,file,1.82+,1.75-81,1.74-,https://docs.valence.desire2learn.com/res/dropbox.html#post--d2l-api-le-(version)-(orgUnitId)-dropbox-folders-(folderId)-feedback-(entityType)-(entityId)-upload
Learning Environment,GET,/d2l/api/le/(version)/(orgUnitId)/dropbox/folders/(folderId)/group-submissions/(groupId)/download,,file,1.82+,1.75-81,1.74-,https://docs.valence.desire2learn.com/res/dropbox.html#get--d2l-api-le-(version)-(orgUnitId)-dropbox-folders-(folderId)-group-submissions-(groupId)-download
Learning Environment,GET,/d2l/api/le/(version)/(orgUnitId)/dropbox/folders/(folderId)/specialaccess/,,Api.ObjectListPage,1.82+,1.75-81,1.74-,https://docs.valence.desire2learn.com/res/dropbox.html#get--d2l-api-le-(version)-(orgUnitId)-dropbox-folders-(folderId)-specialaccess-
Learning Environment,DELETE,/d2l/api/le/(version)/(orgUnitId)/dropbox/folders/(folderId)/specialaccess/(userId),,,1.82+,1.75-81,1.74-,https://docs.valence.desire2learn.com/res/dropbox.html#delete--d2l-api-le-(version)-(orgUnitId)-dropbox-folders-(folderId)-specialaccess-(userId)
Learning Environment,GET,/d2l/api/le/(version)/(orgUnitId)/dropbox/folders/(folderId)/specialaccess/(userId),,Dropbox.SpecialAccessData,1.82+,1.75-81,1.74-,https://docs.valence.desire2learn.com/res/dropbox.html#get--d2l-api-le-(version)-(orgUnitId)-dropbox-folders-(folderId)-specialaccess-(userId)
Learning Environment,PUT,/d2l/api/le/(version)/(orgUnitId)/dropbox/folders/(folderId)/specialaccess/(userId),Dropbox.SpecialAccessData,,1.82+,1.75-81,1.74-,https://docs.valence.desire2learn.com/res/dropbox.html#put--d2l-api-le-(version)-(orgUnitId)-dropbox-folders-(folderId)-specialaccess-(userId)
Learning Environment,GET,/d2l/api/le/(version)/(orgUnitId)/dropbox/folders/(folderId)/submissions/,,Dropbox.EntityDropbox,1.82+,1.75-81,1.74-,https://docs.valence.desire2learn.com/res/dropbox.html#get--d2l-api-le-(version)-(orgUnitId)-dropbox-folders-(folderId)-submissions-
Learning Environment,GET,/d2l/api/le/(version)/(orgUnitId)/dropbox/folders/(folderId)/submissions/(submissionId)/files/(fileId),,file,1.82+,1.75-81,1.74-,https://docs.valence.desire2learn.com/res/dropbox.html#get--d2l-api-le-(version)-(orgUnitId)-dropbox-folders-(folderId)-submissions-(submissionId)-files-(fileId)
Learning Environment,POST,/d2l/api/le/(version)/(orgUnitId)/dropbox/folders/(folderId)/submissions/(submissionId)/files/(fileId)/markAsRead,,,1.82+,1.75-81,1.74-,https://docs.valence.desire2learn.com/res/dropbox.html#post--d2l-api-le-(version)-(orgUnitId)-dropbox-folders-(folderId)-submissions-(submissionId)-files-(fileId)-markAsRead
Learning Environment,GET,/d2l/api/le/(version)/(orgUnitId)/dropbox/folders/(folderId)/submissions/(userId)/download,,file,1.82+,1.75-81,1.74-,https://docs.valence.desire2learn.com/res/dropbox.html#get--d2l-api-le-(version)-(orgUnitId)-dropbox-folders-(folderId)-submissions-(userId)-download
Learning Environment,GET,/d2l/api/le/(version)/(orgUnitId)/dropbox/folders/(folderId)/submissions/group/(groupId),,Dropbox.EntityDropbox,1.88+,,,https://docs.valence.desire2learn.com/res/dropbox.html#get--d2l-api-le-(version)-(orgUnitId)-dropbox-folders-(folderId)-submissions-group-(groupId)
Learning Environment,POST,/d2l/api/le/(version)/(orgUnitId)/dropbox/folders/(folderId)/submissions/group/(groupId)/,RichText,,1.82+,1.75-81,1.74-,https://docs.valence.desire2learn.com/res/dropbox.html#post--d2l-api-le-(version)-(orgUnitId)-dropbox-folders-(folderId)-submissions-group-(groupId)-
Learning Environment,GET,/d2l/api/le/(version)/(orgUnitId)/dropbox/folders/(folderId)/submissions/mysubmissions/,,Dropbox.EntityDropbox,1.82+,1.77-81,,https://docs.valence.desire2learn.com/res/dropbox.html#get--d2l-api-le-(version)-(orgUnitId)-dropbox-folders-(folderId)-submissions-mysubmissions-
Learning Environment,POST,/d2l/api/le/(version)/(orgUnitId)/dropbox/folders/(folderId)/submissions/mysubmissions/,RichText,,1.82+,1.75-81,1.74-,https://docs.valence.desire2learn.com/res/dropbox.html#post--d2l-api-le-(version)-(orgUnitId)-dropbox-folders-(folderId)-submissions-mysubmissions-
Learning Environment,GET,/d2l/api/le/(version)/(orgUnitId)/dropbox/folders/(folderId)/submissions/paged/,,Api.ObjectListPage,1.82+,1.75-81,1.74-,https://docs.valence.desire2learn.com/res/dropbox.html#get--d2l-api-le-(version)-(orgUnitId)-dropbox-folders-(folderId)-submissions-paged-
Learning Environment,GET,/d2l/api/le/(version)/(orgUnitId)/dropbox/folders/(folderId)/submissions/user/(userId),,Dropbox.EntityDropbox,1.88+,,,https://docs.valence.desire2learn.com/res/dropbox.html#get--d2l-api-le-(version)-(orgUnitId)-dropbox-folders-(folderId)-submissions-user-(userId)
Learning Environment,GET,/d2l/api/le/(version)/(orgUnitId)/grades/,,Grade.GradeObject,1.82+,1.75-81,1.74-,https://docs.valence.desire2learn.com/res/grade.html#get--d2l-api-le-(version)-(orgUnitId)-grades-
Learning Environment,POST,/d2l/api/le/(version)/(orgUnitId)/grades/,Grade.GradeObject,Grade.GradeObject,1.82+,1.75-81,1.74-,https://docs.valence.desire2learn.com/res/grade.html#post--d2l-api-le-(version)-(orgUnitId)-grades-
Learning Environment,DELETE,/d2l/api/le/(version)/(orgUnitId)/grades/(gradeObjectId),,,1.82+,1.75-81,1.74-,https://docs.valence.desire2learn.com/res/grade.html#delete--d2l-api-le-(version)-(orgUnitId)-grades-(gradeObjectId)
Learning Environment,GET,/d2l/api/le/(version)/(orgUnitId)/grades/(gradeObjectId),,Grade.GradeObject,1.82+,1.75-81,1.74-,https://docs.valence.desire2learn.com/res/grade.html#get--d2l-api-le-(version)-(orgUnitId)-grades-(gradeObjectId)
Learning Environment,PUT,/d2l/api/le/(version)/(orgUnitId)/grades/(gradeObjectId),Grade.GradeObject,Grade.GradeObject,1.82+,1.75-81,1.74-,https://docs.valence.desire2learn.com/res/grade.html#put--d2l-api-le-(version)-(orgUnitId)-grades-(gradeObjectId)
Learning Environment,GET,/d2l/api/le/(version)/(orgUnitId)/grades/(gradeObjectId)/access/,,Api.ObjectListPage,1.82+,1.75-81,1.74-,https://docs.valence.desire2learn.com/res/grade.html#get--d2l-api-le-(version)-(orgUnitId)-grades-(gradeObjectId)-access-
Learning Environment,GET,/d2l/api/le/(version)/(orgUnitId)/grades/(gradeObjectId)/exemptions/,,User.User,1.82+,1.75-81,1.74-,https://docs.valence.desire2learn.com/res/grade.html#get--d2l-api-le-(version)-(orgUnitId)-grades-(gradeObjectId)-exemptions-
Learning Environment,DELETE,/d2l/api/le/(version)/(orgUnitId)/grades/(gradeObjectId)/exemptions/(userId),,,1.82+,1.75-81,1.74-,https://docs.valence.desire2learn.com/res/grade.html#delete--d2l-api-le-(version)-(orgUnitId)-grades-(gradeObjectId)-exemptions-(userId)
Learning Environment,GET,/d2l/api/le/(version)/(orgUnitId)/grades/(gradeObjectId)/exemptions/(userId),,User.User,1.82+,1.75-81,1.74-,https://docs.valence.desire2learn.com/res/grade.html#get--d2l-api-le-(version)-(orgUnitId)-grades-(gradeObjectId)-exemptions-(userId)
Learning Environment,POST,/d2l/api/le/(version)/(orgUnitId)/grades/(gradeObjectId)/exemptions/(userId),,User.User,1.82+,1.75-81,1.74-,https://docs.valence.desire2learn.com/res/grade.html#post--d2l-api-le-(version)-(orgUnitId)-grades-(gradeObjectId)-exemptions-(userId)
Learning Environment,GET,/d2l/api/le/(version)/(orgUnitId)/grades/(gradeObjectId)/ipsis,,IPSIS.GradeObjectDetails,1.82+,1.75-81,1.74-,https://docs.valence.desire2learn.com/res/ipsis.html#get--d2l-api-le-(version)-(orgUnitId)-grades-(gradeObjectId)-ipsis
Learning Environment,PUT,/d2l/api/le/(version)/(orgUnitId)/grades/(gradeObjectId)/ipsis,IPSIS.GradeObjectDetails,IPSIS.GradeObjectDetails,1.82+,1.75-81,1.74-,https://docs.valence.desire2learn.com/res/ipsis.html#put--d2l-api-le-(version)-(orgUnitId)-grades-(gradeObjectId)-ipsis
Learning Environment,GET,/d2l/api/le/(version)/(orgUnitId)/grades/(gradeObjectId)/statistics,,Grade.GradeStatisticsInfo,1.82+,1.75-81,1.74-,https://docs.valence.desire2learn.com/res/grade.html#get--d2l-api-le-(version)-(orgUnitId)-grades-(gradeObjectId)-statistics
Learning Environment,GET,/d2l/api/le/(version)/(orgUnitId)/grades/(gradeObjectId)/values/,,Api.ObjectListPage,1.82+,1.75-81,1.74-,https://docs.valence.desire2learn.com/res/grade.html#get--d2l-api-le-(version)-(orgUnitId)-grades-(gradeObjectId)-values-
Learning Environment,GET,/d2l/api/le/(version)/(orgUnitId)/grades/(gradeObjectId)/values/(userId),,Grade.GradeValue,1.82+,1.75-81,1.74-,https://docs.valence.desire2learn.com/res/grade.html#get--d2l-api-le-(version)-(orgUnitId)-grades-(gradeObjectId)-values-(userId)
Learning Environment,PUT,/d2l/api/le/(version)/(orgUnitId)/grades/(gradeObjectId)/values/(userId),Grade.IncomingGradeValue,,1.82+,1.75-81,1.74-,https://docs.valence.desire2learn.com/res/grade.html#put--d2l-api-le-(version)-(orgUnitId)-grades-(gradeObjectId)-values-(userId)
Learning Environment,POST,/d2l/api/le/(version)/(orgUnitId)/grades/(gradeObjectId)/values/(userId)/clear,,,1.98+,,,https://docs.valence.desire2learn.com/res/grade.html#post--d2l-api-le-(version)-(orgUnitId)-grades-(gradeObjectId)-values-(userId)-clear
Learning Environment,GET,/d2l/api/le/(version)/(orgUnitId)/grades/(gradeObjectId)/values/myGradeValue,,Grade.GradeValue,1.82+,1.75-81,1.74-,https://docs.valence.desire2learn.com/res/grade.html#get--d2l-api-le-(version)-(orgUnitId)-grades-(gradeObjectId)-values-myGradeValue
Learning Environment,GET,/d2l/api/le/(version)/(orgUnitId)/grades/categories/,,Grade.GradeObjectCategory,1.82+,1.75-81,1.74-,https://docs.valence.desire2learn.com/res/grade.html#get--d2l-api-le-(version)-(orgUnitId)-grades-categories-
Learning Environment,POST,/d2l/api/le/(version)/(orgUnitId)/grades/categories/,Grade.GradeObjectCategoryData,Grade.GradeObjectCategory,1.82+,1.75-81,1.74-,https://docs.valence.desire2learn.com/res/grade.html#post--d2l-api-le-(version)-(orgUnitId)-grades-categories-
Learning Environment,DELETE,/d2l/api/le/(version)/(orgUnitId)/grades/categories/(categoryId),,,1.82+,1.75-81,1.74-,https://docs.valence.desire2learn.com/res/grade.html#delete--d2l-api-le-(version)-(orgUnitId)-grades-categories-(categoryId)
Learning Environment,GET,/d2l/api/le/(version)/(orgUnitId)/grades/categories/(categoryId),,Grade.GradeObjectCategory,1.82+,1.75-81,1.74-,https://docs.valence.desire2learn.com/res/grade.html#get--d2l-api-le-(version)-(orgUnitId)-grades-categories-(categoryId)
Learning Environment,PUT,/d2l/api/le/(version)/(orgUnitId)/grades/categories/(categoryId),Grade.GradeObjectCategoryData,Grade.GradeObjectCategory,1.98+,,,https://docs.valence.desire2learn.com/res/grade.html#put--d2l-api-le-(version)-(orgUnitId)-grades-categories-(categoryId)
Learning Environment,GET,/d2l/api/le/(version)/(orgUnitId)/grades/categories/(categoryId)/ipsis,,IPSIS.GradeCategoryInfo,1.82+,1.75-81,1.74-,https://docs.valence.desire2learn.com/res/ipsis.html#get--d2l-api-le-(version)-(orgUnitId)-grades-categories-(categoryId)-ipsis
Learning Environment,PUT,/d2l/api/le/(version)/(orgUnitId)/grades/categories/(categoryId)/ipsis,IPSIS.GradeCategoryInfo,IPSIS.GradeCategoryInfo,1.82+,1.75-81,1.74-,https://docs.valence.desire2learn.com/res/ipsis.html#put--d2l-api-le-(version)-(orgUnitId)-grades-categories-(categoryId)-ipsis
Learning Environment,GET,/d2l/api/le/(version)/(orgUnitId)/grades/courseCompletion/,,Api.PagedResultSet,1.82+,1.75-81,1.74-,https://docs.valence.desire2learn.com/res/grade.html#get--d2l-api-le-(version)-(orgUnitId)-grades-courseCompletion-
Learning Environment,POST,/d2l/api/le/(version)/(orgUnitId)/grades/courseCompletion/,Grade.CourseCompletionCreationData,Grade.CourseCompletion,1.82+,1.75-81,1.74-,https://docs.valence.desire2learn.com/res/grade.html#post--d2l-api-le-(version)-(orgUnitId)-grades-courseCompletion-
Learning Environment,DELETE,/d2l/api/le/(version)/(orgUnitId)/grades/courseCompletion/(completionId),,,1.82+,1.75-81,1.74-,https://docs.valence.desire2learn.com/res/grade.html#delete--d2l-api-le-(version)-(orgUnitId)-grades-courseCompletion-(completionId)
Learning Environment,PUT,/d2l/api/le/(version)/(orgUnitId)/grades/courseCompletion/(completionId),Grade.CourseCompletionCreationData,Grade.CourseCompletion,1.82+,1.75-81,1.74-,https://docs.valence.desire2learn.com/res/grade.html#put--d2l-api-le-(version)-(orgUnitId)-grades-courseCompletion-(completionId)
Learning Environment,GET,/d2l/api/le/(version)/(orgUnitId)/grades/exemptions/(userId),,Grade.BulkGradeObjectExemptionResult,1.82+,1.75-81,1.74-,https://docs.valence.desire2learn.com/res/grade.html#get--d2l-api-le-(version)-(orgUnitId)-grades-exemptions-(userId)
Learning Environment,POST,/d2l/api/le/(version)/(orgUnitId)/grades/exemptions/(userId),,Grade.BulkGradeObjectExemptionConflict,1.82+,1.75-81,1.74-,https://docs.valence.desire2learn.com/res/grade.html#post--d2l-api-le-(version)-(orgUnitId)-grades-exemptions-(userId)
Learning Environment,POST,/d2l/api/le/(version)/(orgUnitId)/grades/final/calculated/(userId),,,1.82+,1.75-81,1.74-,https://docs.valence.desire2learn.com/res/grade.html#post--d2l-api-le-(version)-(orgUnitId)-grades-final-calculated-(userId)
Learning Environment,POST,/d2l/api/le/(version)/(orgUnitId)/grades/final/calculated/all,,,1.82+,1.75-81,1.74-,https://docs.valence.desire2learn.com/res/grade.html#post--d2l-api-le-(version)-(orgUnitId)-grades-final-calculated-all
Learning Environment,GET,/d2l/api/le/(version)/(orgUnitId)/grades/final/values/,,Api.ObjectListPage,1.82+,1.75-81,1.74-,https://docs.valence.desire2learn.com/res/grade.html#get--d2l-api-le-(version)-(orgUnitId)-grades-final-values-
Learning Environment,GET,/d2l/api/le/(version)/(orgUnitId)/grades/final/values/(userId),,Grade.GradeValue,1.82+,1.75-81,1.74-,https://docs.valence.desire2learn.com/res/grade.html#get--d2l-api-le-(version)-(orgUnitId)-grades-final-values-(userId)
Learning Environment,PUT,/d2l/api/le/(version)/(orgUnitId)/grades/final/values/(userId),Grade.IncomingFinalAdjustedGradeValue,,1.82+,1.75-81,1.74-,https://docs.valence.desire2learn.com/res/grade.html#put--d2l-api-le-(version)-(orgUnitId)-grades-final-values-(userId)
Learning Environment,GET,/d2l/api/le/(version)/(orgUnitId)/grades/final/values/myGradeValue,,Grade.GradeValue,1.82+,1.75-81,1.74-,https://docs.valence.desire2learn.com/res/grade.html#get--d2l-api-le-(version)-(orgUnitId)-grades-final-values-myGradeValue
Learning Environment,GET,/d2l/api/le/(version)/(orgUnitId)/grades/schemes/,,Grade.GradeScheme,1.82+,1.75-81,1.74-,https://docs.valence.desire2learn.com/res/grade.html#get--d2l-api-le-(version)-(orgUnitId)-grades-schemes-
Learning Environment,POST,/d2l/api/le/(version)/(orgUnitId)/grades/schemes/,Grade.GradeSchemeData,Grade.GradeScheme,1.95+,,,https://docs.valence.desire2learn.com/res/grade.html#post--d2l-api-le-(version)-(orgUnitId)-grades-schemes-
Learning Environment,DELETE,/d2l/api/le/(version)/(orgUnitId)/grades/schemes/(gradeSchemeId),,,1.95+,,,https://docs.valence.desire2learn.com/res/grade.html#delete--d2l-api-le-(version)-(orgUnitId)-grades-schemes-(gradeSchemeId)
Learning Environment,GET,/d2l/api/le/(version)/(orgUnitId)/grades/schemes/(gradeSchemeId),,Grade.GradeScheme,1.82+,1.75-81,1.74-,https://docs.valence.desire2learn.com/res/grade.html#get--d2l-api-le-(version)-(orgUnitId)-grades-schemes-(gradeSchemeId)
Learning Environment,GET,/d2l/api/le/(version)/(orgUnitId)/grades/schemes/default,,Grade.GradeScheme,1.98+,,,https://docs.valence.desire2learn.com/res/grade.html#get--d2l-api-le-(version)-(orgUnitId)-grades-schemes-default
Learning Environment,GET,/d2l/api/le/(version)/(orgUnitId)/grades/setup/,,Grade.GradeSetupInfo,1.82+,1.75-81,1.74-,https://docs.valence.desire2learn.com/res/grade.html#get--d2l-api-le-(version)-(orgUnitId)-grades-setup-
Learning Environment,PUT,/d2l/api/le/(version)/(orgUnitId)/grades/setup/,,Grade.GradeSetupInfo,1.82+,1.75-81,1.74-,https://docs.valence.desire2learn.com/res/grade.html#put--d2l-api-le-(version)-(orgUnitId)-grades-setup-
Learning Environment,GET,/d2l/api/le/(version)/(orgUnitId)/grades/values/,,Api.ObjectListPage,1.85+,,,https://docs.valence.desire2learn.com/res/grade.html#get--d2l-api-le-(version)-(orgUnitId)-grades-values-
Learning Environment,GET,/d2l/api/le/(version)/(orgUnitId)/grades/values/(userId)/,,Grade.GradeValue,1.82+,1.75-81,1.74-,https://docs.valence.desire2learn.com/res/grade.html#get--d2l-api-le-(version)-(orgUnitId)-grades-values-(userId)-
Learning Environment,GET,/d2l/api/le/(version)/(orgUnitId)/grades/values/descendants/,,Api.ObjectListPage,1.85+,,,https://docs.valence.desire2learn.com/res/grade.html#get--d2l-api-le-(version)-(orgUnitId)-grades-values-descendants-
Learning Environment,GET,/d2l/api/le/(version)/(orgUnitId)/grades/values/myGradeValues/,,Grade.GradeValue,1.82+,1.75-81,1.74-,https://docs.valence.desire2learn.com/res/grade.html#get--d2l-api-le-(version)-(orgUnitId)-grades-values-myGradeValues-
Learning Environment,GET,/d2l/api/le/(version)/(orgUnitId)/lo/alignments/,,Outcomes.BulkAlignment,1.93+,,,https://docs.valence.desire2learn.com/res/outcomes.html#get--d2l-api-le-(version)-(orgUnitId)-lo-alignments-
Learning Environment,GET,/d2l/api/le/(version)/(orgUnitId)/lo/alignments/activity/(activityType)/(objectId),,Outcomes.Alignment,1.93+,,,https://docs.valence.desire2learn.com/res/outcomes.html#get--d2l-api-le-(version)-(orgUnitId)-lo-alignments-activity-(activityType)-(objectId)
Learning Environment,POST,/d2l/api/le/(version)/(orgUnitId)/lo/alignments/activity/(activityType)/(objectId),Outcomes.UpdateAlignment,Outcomes.Alignment,1.93+,,,https://docs.valence.desire2learn.com/res/outcomes.html#post--d2l-api-le-(version)-(orgUnitId)-lo-alignments-activity-(activityType)-(objectId)
Learning Environment,GET,/d2l/api/le/(version)/(orgUnitId)/lo/alignments/outcome/(outcomeId),,Outcomes.BulkAlignment,1.93+,,,https://docs.valence.desire2learn.com/res/outcomes.html#get--d2l-api-le-(version)-(orgUnitId)-lo-alignments-outcome-(outcomeId)
Learning Environment,GET,/d2l/api/le/(version)/(orgUnitId)/lo/alignments/outcomeSet/(outcomeSetId),,Outcomes.BulkAlignment,1.93+,,,https://docs.valence.desire2learn.com/res/outcomes.html#get--d2l-api-le-(version)-(orgUnitId)-lo-alignments-outcomeSet-(outcomeSetId)
Learning Environment,POST,/d2l/api/le/(version)/(orgUnitId)/lo/bulkExport,,Outcomes.ImportExportOutcomeSet,1.92+,,,https://docs.valence.desire2learn.com/res/outcomes.html#post--d2l-api-le-(version)-(orgUnitId)-lo-bulkExport
Learning Environment,POST,/d2l/api/le/(version)/(orgUnitId)/lo/bulkImport,,,1.92+,,,https://docs.valence.desire2learn.com/res/outcomes.html#post--d2l-api-le-(version)-(orgUnitId)-lo-bulkImport
Learning Environment,GET,/d2l/api/le/(version)/(orgUnitId)/lo/outcomeSets/,,Outcomes.OutcomeSet,1.92+,,,https://docs.valence.desire2learn.com/res/outcomes.html#get--d2l-api-le-(version)-(orgUnitId)-lo-outcomeSets-
Learning Environment,GET,/d2l/api/le/(version)/(orgUnitId)/lo/outcomeSets/(outcomeSetId),,Outcomes.OutcomeSet,1.92+,,,https://docs.valence.desire2learn.com/res/outcomes.html#get--d2l-api-le-(version)-(orgUnitId)-lo-outcomeSets-(outcomeSetId)
Learning Environment,PUT,/d2l/api/le/(version)/(orgUnitId)/lo/outcomeSets/(outcomeSetId),,Outcomes.OutcomeSet,1.92+,,,https://docs.valence.desire2learn.com/res/outcomes.html#put--d2l-api-le-(version)-(orgUnitId)-lo-outcomeSets-(outcomeSetId)
Learning Environment,DELETE,/d2l/api/le/(version)/(orgUnitId)/locker/group/(groupId)/(path),,,1.82+,1.75-81,1.74-,https://docs.valence.desire2learn.com/res/locker.html#delete--d2l-api-le-(version)-(orgUnitId)-locker-group-(groupId)-(path)
Learning Environment,GET,/d2l/api/le/(version)/(orgUnitId)/locker/group/(groupId)/(path),,Locker.Folder,1.82+,1.75-81,1.74-,https://docs.valence.desire2learn.com/res/locker.html#get--d2l-api-le-(version)-(orgUnitId)-locker-group-(groupId)-(path)
Learning Environment,POST,/d2l/api/le/(version)/(orgUnitId)/locker/group/(groupId)/(path),string; JSON composite,,1.82+,1.75-81,1.74-,https://docs.valence.desire2learn.com/res/locker.html#post--d2l-api-le-(version)-(orgUnitId)-locker-group-(groupId)-(path)
Learning Environment,PUT,/d2l/api/le/(version)/(orgUnitId)/locker/group/(groupId)/(path),string,,1.82+,1.75-81,1.74-,https://docs.valence.desire2learn.com/res/locker.html#put--d2l-api-le-(version)-(orgUnitId)-locker-group-(groupId)-(path)
Learning Environment,GET,/d2l/api/le/(version)/(orgUnitId)/news/,,News.NewsItem,1.82+,1.75-81,1.74-,https://docs.valence.desire2learn.com/res/news.html#get--d2l-api-le-(version)-(orgUnitId)-news-
Learning Environment,POST,/d2l/api/le/(version)/(orgUnitId)/news/,News.NewsItemData,News.NewsItem,1.82+,1.75-81,1.74-,https://docs.valence.desire2learn.com/res/news.html#post--d2l-api-le-(version)-(orgUnitId)-news-
Learning Environment,DELETE,/d2l/api/le/(version)/(orgUnitId)/news/(newsItemId),,,1.82+,1.75-81,1.74-,https://docs.valence.desire2learn.com/res/news.html#delete--d2l-api-le-(version)-(orgUnitId)-news-(newsItemId)
Learning Environment,GET,/d2l/api/le/(version)/(orgUnitId)/news/(newsItemId),,News.NewsItem,1.82+,1.75-81,1.74-,https://docs.valence.desire2learn.com/res/news.html#get--d2l-api-le-(version)-(orgUnitId)-news-(newsItemId)
Learning Environment,PUT,/d2l/api/le/(version)/(orgUnitId)/news/(newsItemId),News.NewsItemData,,1.82+,1.75-81,1.74-,https://docs.valence.desire2learn.com/res/news.html#put--d2l-api-le-(version)-(orgUnitId)-news-(newsItemId)
Learning Environment,GET,/d2l/api/le/(version)/(orgUnitId)/news/(newsItemId)/access/,,Api.ObjectListPage,1.82+,1.75-81,1.74-,https://docs.valence.desire2learn.com/res/news.html#get--d2l-api-le-(version)-(orgUnitId)-news-(newsItemId)-access-
Learning Environment,POST,/d2l/api/le/(version)/(orgUnitId)/news/(newsItemId)/attachments/,,,1.82+,1.75-81,1.74-,https://docs.valence.desire2learn.com/res/news.html#post--d2l-api-le-(version)-(orgUnitId)-news-(newsItemId)-attachments-
Learning Environment,DELETE,/d2l/api/le/(version)/(orgUnitId)/news/(newsItemId)/attachments/(fileId),,,1.82+,1.75-81,1.74-,https://docs.valence.desire2learn.com/res/news.html#delete--d2l-api-le-(version)-(orgUnitId)-news-(newsItemId)-attachments-(fileId)
Learning Environment,GET,/d2l/api/le/(version)/(orgUnitId)/news/(newsItemId)/attachments/(fileId),,file,1.82+,1.75-81,1.74-,https://docs.valence.desire2learn.com/res/news.html#get--d2l-api-le-(version)-(orgUnitId)-news-(newsItemId)-attachments-(fileId)
Learning Environment,POST,/d2l/api/le/(version)/(orgUnitId)/news/(newsItemId)/dismiss,,,1.82+,1.75-81,1.74-,https://docs.valence.desire2learn.com/res/news.html#post--d2l-api-le-(version)-(orgUnitId)-news-(newsItemId)-dismiss
Learning Environment,POST,/d2l/api/le/(version)/(orgUnitId)/news/(newsItemId)/publish,,,1.82+,1.75-81,1.74-,https://docs.valence.desire2learn.com/res/news.html#post--d2l-api-le-(version)-(orgUnitId)-news-(newsItemId)-publish
Learning Environment,POST,/d2l/api/le/(version)/(orgUnitId)/news/(newsItemId)/restore,,,1.82+,1.75-81,1.74-,https://docs.valence.desire2learn.com/res/news.html#post--d2l-api-le-(version)-(orgUnitId)-news-(newsItemId)-restore
Learning Environment,DELETE,/d2l/api/le/(version)/(orgUnitId)/news/(newsItemId)/sharing/,,,1.93+,,,https://docs.valence.desire2learn.com/res/news.html#delete--d2l-api-le-(version)-(orgUnitId)-news-(newsItemId)-sharing-
Learning Environment,GET,/d2l/api/le/(version)/(orgUnitId)/news/(newsItemId)/sharing/,,Api.ObjectListPage,1.93+,,,https://docs.valence.desire2learn.com/res/news.html#get--d2l-api-le-(version)-(orgUnitId)-news-(newsItemId)-sharing-
Learning Environment,POST,/d2l/api/le/(version)/(orgUnitId)/news/(newsItemId)/sharing/,News.OrgUnitSharingRuleData,News.OrgUnitSharingRuleData,1.93+,,,https://docs.valence.desire2learn.com/res/news.html#post--d2l-api-le-(version)-(orgUnitId)-news-(newsItemId)-sharing-
Learning Environment,DELETE,/d2l/api/le/(version)/(orgUnitId)/news/(newsItemId)/sharing/(sharingOrgUnitId),,,1.93+,,,https://docs.valence.desire2learn.com/res/news.html#delete--d2l-api-le-(version)-(orgUnitId)-news-(newsItemId)-sharing-(sharingOrgUnitId)
Learning Environment,PUT,/d2l/api/le/(version)/(orgUnitId)/news/(newsItemId)/sharing/(sharingOrgUnitId),News.UpdateOrgUnitSharingRuleData,News.OrgUnitSharingRuleData,1.93+,,,https://docs.valence.desire2learn.com/res/news.html#put--d2l-api-le-(version)-(orgUnitId)-news-(newsItemId)-sharing-(sharingOrgUnitId)
Learning Environment,GET,/d2l/api/le/(version)/(orgUnitId)/news/deleted/,,News.NewsItem,unstable,,,https://docs.valence.desire2learn.com/res/news.html#get--d2l-api-le-(version)-(orgUnitId)-news-deleted-
Learning Environment,POST,/d2l/api/le/(version)/(orgUnitId)/news/deleted/(newsItemId)/restore,,News.NewsItem,unstable,,,https://docs.valence.desire2learn.com/res/news.html#post--d2l-api-le-(version)-(orgUnitId)-news-deleted-(newsItemId)-restore
Learning Environment,GET,/d2l/api/le/(version)/(orgUnitId)/news/user/(userId)/,,News.NewsItem,1.82+,1.75-81,1.74-,https://docs.valence.desire2learn.com/res/news.html#get--d2l-api-le-(version)-(orgUnitId)-news-user-(userId)-
Learning Environment,GET,/d2l/api/le/(version)/(orgUnitId)/overview,,Overview.Overview,1.82+,1.75-81,1.74-,https://docs.valence.desire2learn.com/res/content.html#get--d2l-api-le-(version)-(orgUnitId)-overview
Learning Environment,GET,/d2l/api/le/(version)/(orgUnitId)/overview/attachment,,file,1.82+,1.75-81,1.74-,https://docs.valence.desire2learn.com/res/content.html#get--d2l-api-le-(version)-(orgUnitId)-overview-attachment
Learning Environment,GET,/d2l/api/le/(version)/(orgUnitId)/quizzes/,,Api.ObjectListPage,1.82+,1.75-81,1.74-,https://docs.valence.desire2learn.com/res/quiz.html#get--d2l-api-le-(version)-(orgUnitId)-quizzes-
Learning Environment,POST,/d2l/api/le/(version)/(orgUnitId)/quizzes/,Quiz.QuizData,Quiz.QuizReadData,1.82+,1.75-81,1.74-,https://docs.valence.desire2learn.com/res/quiz.html#post--d2l-api-le-(version)-(orgUnitId)-quizzes-
Learning Environment,DELETE,/d2l/api/le/(version)/(orgUnitId)/quizzes/(quizId),,,1.82+,1.75-81,1.74-,https://docs.valence.desire2learn.com/res/quiz.html#delete--d2l-api-le-(version)-(orgUnitId)-quizzes-(quizId)
Learning Environment,GET,/d2l/api/le/(version)/(orgUnitId)/quizzes/(quizId),,Quiz.QuizReadData,1.82+,1.75-81,1.74-,https://docs.valence.desire2learn.com/res/quiz.html#get--d2l-api-le-(version)-(orgUnitId)-quizzes-(quizId)
Learning Environment,PUT,/d2l/api/le/(version)/(orgUnitId)/quizzes/(quizId),Quiz.QuizData,Quiz.QuizReadData,1.82+,1.75-81,1.74-,https://docs.valence.desire2learn.com/res/quiz.html#put--d2l-api-le-(version)-(orgUnitId)-quizzes-(quizId)
Learning Environment,GET,/d2l/api/le/(version)/(orgUnitId)/quizzes/(quizId)/access/,,Api.ObjectListPage,1.82+,1.75-81,1.74-,https://docs.valence.desire2learn.com/res/quiz.html#get--d2l-api-le-(version)-(orgUnitId)-quizzes-(quizId)-access-
Learning Environment,GET,/d2l/api/le/(version)/(orgUnitId)/quizzes/(quizId)/attempts/,,Api.ObjectListPage,1.82+,1.75-81,1.74-,https://docs.valence.desire2learn.com/res/quiz.html#get--d2l-api-le-(version)-(orgUnitId)-quizzes-(quizId)-attempts-
Learning Environment,GET,/d2l/api/le/(version)/(orgUnitId)/quizzes/(quizId)/attempts/(attemptId),,Quiz.QuizAttemptData,1.82+,1.75-81,1.74-,https://docs.valence.desire2learn.com/res/quiz.html#get--d2l-api-le-(version)-(orgUnitId)-quizzes-(quizId)-attempts-(attemptId)
Learning Environment,GET,/d2l/api/le/(version)/(orgUnitId)/quizzes/(quizId)/questions/,,Api.ObjectListPage,1.82+,1.75-81,1.74-,https://docs.valence.desire2learn.com/res/quiz.html#get--d2l-api-le-(version)-(orgUnitId)-quizzes-(quizId)-questions-
Learning Environment,POST,/d2l/api/le/(version)/(orgUnitId)/quizzes/(quizId)/questions/,Quiz.WriteQuestionData,Quiz.QuestionData,1.100+,,,https://docs.valence.desire2learn.com/res/quiz.html#post--d2l-api-le-(version)-(orgUnitId)-quizzes-(quizId)-questions-
Learning Environment,GET,/d2l/api/le/(version)/(orgUnitId)/quizzes/(quizId)/questions/(questionId),,Quiz.QuestionData,1.100+,,,https://docs.valence.desire2learn.com/res/quiz.html#get--d2l-api-le-(version)-(orgUnitId)-quizzes-(quizId)-questions-(questionId)
Learning Environment,PUT,/d2l/api/le/(version)/(orgUnitId)/quizzes/(quizId)/questions/(questionId),Quiz.WriteQuestionData,Quiz.QuestionData,1.100+,,,https://docs.valence.desire2learn.com/res/quiz.html#put--d2l-api-le-(version)-(orgUnitId)-quizzes-(quizId)-questions-(questionId)
Learning Environment,GET,/d2l/api/le/(version)/(orgUnitId)/quizzes/(quizId)/specialaccess/,,Api.ObjectListPage,1.82+,1.75-81,1.74-,https://docs.valence.desire2learn.com/res/quiz.html#get--d2l-api-le-(version)-(orgUnitId)-quizzes-(quizId)-specialaccess-
Learning Environment,DELETE,/d2l/api/le/(version)/(orgUnitId)/quizzes/(quizId)/specialaccess/(userId),,,1.82+,1.75-81,1.74-,https://docs.valence.desire2learn.com/res/quiz.html#delete--d2l-api-le-(version)-(orgUnitId)-quizzes-(quizId)-specialaccess-(userId)
Learning Environment,GET,/d2l/api/le/(version)/(orgUnitId)/quizzes/(quizId)/specialaccess/(userId),,Quiz.SpecialAccessData,1.82+,1.75-81,1.74-,https://docs.valence.desire2learn.com/res/quiz.html#get--d2l-api-le-(version)-(orgUnitId)-quizzes-(quizId)-specialaccess-(userId)
Learning Environment,PUT,/d2l/api/le/(version)/(orgUnitId)/quizzes/(quizId)/specialaccess/(userId),Quiz.SpecialAccessData,,1.82+,1.75-81,1.74-,https://docs.valence.desire2learn.com/res/quiz.html#put--d2l-api-le-(version)-(orgUnitId)-quizzes-(quizId)-specialaccess-(userId)
Learning Environment,GET,/d2l/api/le/(version)/(orgUnitId)/quizzes/categories/,,Api.ObjectListPage,1.82+,1.75-81,1.74-,https://docs.valence.desire2learn.com/res/quiz.html#get--d2l-api-le-(version)-(orgUnitId)-quizzes-categories-
Learning Environment,POST,/d2l/api/le/(version)/(orgUnitId)/quizzes/categories/,Quiz.QuizCategoryData,Quiz.QuizCategoryReadData,1.82+,1.75-81,1.74-,https://docs.valence.desire2learn.com/res/quiz.html#post--d2l-api-le-(version)-(orgUnitId)-quizzes-categories-
Learning Environment,DELETE,/d2l/api/le/(version)/(orgUnitId)/quizzes/categories/(categoryId),,,1.82+,1.75-81,1.74-,https://docs.valence.desire2learn.com/res/quiz.html#delete--d2l-api-le-(version)-(orgUnitId)-quizzes-categories-(categoryId)
Learning Environment,GET,/d2l/api/le/(version)/(orgUnitId)/quizzes/categories/(categoryId),,Quiz.QuizCategoryReadData,1.82+,1.75-81,1.74-,https://docs.valence.desire2learn.com/res/quiz.html#get--d2l-api-le-(version)-(orgUnitId)-quizzes-categories-(categoryId)
Learning Environment,PUT,/d2l/api/le/(version)/(orgUnitId)/quizzes/categories/(categoryId),Quiz.QuizCategoryData,Quiz.QuizCategoryReadData,1.82+,1.75-81,1.74-,https://docs.valence.desire2learn.com/res/quiz.html#put--d2l-api-le-(version)-(orgUnitId)-quizzes-categories-(categoryId)
Learning Environment,GET,/d2l/api/le/(version)/(orgUnitId)/rubrics/,,Rubric.Rubric,1.93+,,,https://docs.valence.desire2learn.com/res/assessment.html#get--d2l-api-le-(version)-(orgUnitId)-rubrics-
Learning Environment,POST,/d2l/api/le/(version)/(orgUnitId)/rubrics/,Rubric.RubricInput,Rubric.Rubric,1.97+,,,https://docs.valence.desire2learn.com/res/assessment.html#post--d2l-api-le-(version)-(orgUnitId)-rubrics-
Learning Environment,DELETE,/d2l/api/le/(version)/(orgUnitId)/rubrics/(rubricId),,,1.97+,,,https://docs.valence.desire2learn.com/res/assessment.html#delete--d2l-api-le-(version)-(orgUnitId)-rubrics-(rubricId)
Learning Environment,GET,/d2l/api/le/(version)/(orgUnitId)/rubrics/(rubricId),,Rubric.Rubric,1.97+,,,https://docs.valence.desire2learn.com/res/assessment.html#get--d2l-api-le-(version)-(orgUnitId)-rubrics-(rubricId)
Learning Environment,PUT,/d2l/api/le/(version)/(orgUnitId)/rubrics/(rubricId),Rubric.RubricInput,Rubric.Rubric,1.97+,,,https://docs.valence.desire2learn.com/res/assessment.html#put--d2l-api-le-(version)-(orgUnitId)-rubrics-(rubricId)
Learning Environment,GET,/d2l/api/le/(version)/(orgUnitId)/rubrics/associations/,,Rubric.RubricAssociations,1.100+,,,https://docs.valence.desire2learn.com/res/assessment.html#get--d2l-api-le-(version)-(orgUnitId)-rubrics-associations-
Learning Environment,GET,/d2l/api/le/(version)/(orgUnitId)/rubrics/associations/activity/(activityType)/(objectId),,Rubric.ActivityRubricAssociations,1.100+,,,https://docs.valence.desire2learn.com/res/assessment.html#get--d2l-api-le-(version)-(orgUnitId)-rubrics-associations-activity-(activityType)-(objectId)
Learning Environment,PUT,/d2l/api/le/(version)/(orgUnitId)/rubrics/associations/activity/(activityType)/(objectId),Rubric.ActivityRubricsAssociationsUpdate,Rubric.ActivityRubricAssociations,1.100+,,,https://docs.valence.desire2learn.com/res/assessment.html#put--d2l-api-le-(version)-(orgUnitId)-rubrics-associations-activity-(activityType)-(objectId)
Learning Environment,PUT,/d2l/api/le/(version)/(orgUnitId)/rubrics/info/(rubricId),Rubric.RubricPropertiesUpdate,Rubric.Rubric,1.97+,,,https://docs.valence.desire2learn.com/res/assessment.html#put--d2l-api-le-(version)-(orgUnitId)-rubrics-info-(rubricId)
Learning Environment,GET,/d2l/api/le/(version)/(orgUnitId)/surveys/,,Api.ObjectListPage,1.82+,1.75-81,1.74-,https://docs.valence.desire2learn.com/res/survey.html#get--d2l-api-le-(version)-(orgUnitId)-surveys-
Learning Environment,POST,/d2l/api/le/(version)/(orgUnitId)/surveys/,Surveys.SurveyWriteData,Surveys.SurveyReadData,1.82+,1.75-81,1.74-,https://docs.valence.desire2learn.com/res/survey.html#post--d2l-api-le-(version)-(orgUnitId)-surveys-
Learning Environment,DELETE,/d2l/api/le/(version)/(orgUnitId)/surveys/(surveyId),,,1.82+,1.75-81,1.74-,https://docs.valence.desire2learn.com/res/survey.html#delete--d2l-api-le-(version)-(orgUnitId)-surveys-(surveyId)
Learning Environment,GET,/d2l/api/le/(version)/(orgUnitId)/surveys/(surveyId),,Surveys.SurveyReadData,1.82+,1.75-81,1.74-,https://docs.valence.desire2learn.com/res/survey.html#get--d2l-api-le-(version)-(orgUnitId)-surveys-(surveyId)
Learning Environment,PUT,/d2l/api/le/(version)/(orgUnitId)/surveys/(surveyId),Surveys.SurveyWriteData,Surveys.SurveyReadData,1.82+,1.75-81,1.74-,https://docs.valence.desire2learn.com/res/survey.html#put--d2l-api-le-(version)-(orgUnitId)-surveys-(surveyId)
Learning Environment,GET,/d2l/api/le/(version)/(orgUnitId)/surveys/(surveyId)/access/,,Api.ObjectListPage,1.82+,1.75-81,1.74-,https://docs.valence.desire2learn.com/res/survey.html#get--d2l-api-le-(version)-(orgUnitId)-surveys-(surveyId)-access-
Learning Environment,GET,/d2l/api/le/(version)/(orgUnitId)/surveys/(surveyId)/attempts/,,Api.ObjectListPage,1.82+,1.75-81,1.74-,https://docs.valence.desire2learn.com/res/survey.html#get--d2l-api-le-(version)-(orgUnitId)-surveys-(surveyId)-attempts-
Learning Environment,GET,/d2l/api/le/(version)/(orgUnitId)/surveys/(surveyId)/attempts/(attemptId),,Surveys.SurveyAttemptData,1.82+,1.75-81,1.74-,https://docs.valence.desire2learn.com/res/survey.html#get--d2l-api-le-(version)-(orgUnitId)-surveys-(surveyId)-attempts-(attemptId)
Learning Environment,GET,/d2l/api/le/(version)/(orgUnitId)/surveys/(surveyId)/questions/,,Api.ObjectListPage,1.82+,1.75-81,1.74-,https://docs.valence.desire2learn.com/res/survey.html#get--d2l-api-le-(version)-(orgUnitId)-surveys-(surveyId)-questions-
Learning Environment,GET,/d2l/api/le/(version)/(orgUnitId)/surveys/(surveyId)/specialaccess/,,Api.ObjectListPage,1.82+,1.75-81,1.74-,https://docs.valence.desire2learn.com/res/survey.html#get--d2l-api-le-(version)-(orgUnitId)-surveys-(surveyId)-specialaccess-
Learning Environment,DELETE,/d2l/api/le/(version)/(orgUnitId)/surveys/(surveyId)/specialaccess/(userId),,,1.82+,1.75-81,1.74-,https://docs.valence.desire2learn.com/res/survey.html#delete--d2l-api-le-(version)-(orgUnitId)-surveys-(surveyId)-specialaccess-(userId)
Learning Environment,GET,/d2l/api/le/(version)/(orgUnitId)/surveys/(surveyId)/specialaccess/(userId),,Surveys.SpecialAccessData,1.82+,1.75-81,1.74-,https://docs.valence.desire2learn.com/res/survey.html#get--d2l-api-le-(version)-(orgUnitId)-surveys-(surveyId)-specialaccess-(userId)
Learning Environment,PUT,/d2l/api/le/(version)/(orgUnitId)/surveys/(surveyId)/specialaccess/(userId),Surveys.SpecialAccessData,,1.82+,1.75-81,1.74-,https://docs.valence.desire2learn.com/res/survey.html#put--d2l-api-le-(version)-(orgUnitId)-surveys-(surveyId)-specialaccess-(userId)
Learning Environment,GET,/d2l/api/le/(version)/(orgUnitId)/surveys/categories/,,Api.ObjectListPage,1.82+,1.75-81,1.74-,https://docs.valence.desire2learn.com/res/survey.html#get--d2l-api-le-(version)-(orgUnitId)-surveys-categories-
Learning Environment,POST,/d2l/api/le/(version)/(orgUnitId)/surveys/categories/,Surveys.SurveyCategoryData,Surveys.SurveyCategoryReadData,1.82+,1.75-81,1.74-,https://docs.valence.desire2learn.com/res/survey.html#post--d2l-api-le-(version)-(orgUnitId)-surveys-categories-
Learning Environment,DELETE,/d2l/api/le/(version)/(orgUnitId)/surveys/categories/(categoryId),,,1.82+,1.75-81,1.74-,https://docs.valence.desire2learn.com/res/survey.html#delete--d2l-api-le-(version)-(orgUnitId)-surveys-categories-(categoryId)
Learning Environment,GET,/d2l/api/le/(version)/(orgUnitId)/surveys/categories/(categoryId),,Surveys.SurveyCategoryReadData,1.82+,1.75-81,1.74-,https://docs.valence.desire2learn.com/res/survey.html#get--d2l-api-le-(version)-(orgUnitId)-surveys-categories-(categoryId)
Learning Environment,PUT,/d2l/api/le/(version)/(orgUnitId)/surveys/categories/(categoryId),Surveys.SurveyCategoryData,Surveys.SurveyCategoryReadData,1.82+,1.75-81,1.74-,https://docs.valence.desire2learn.com/res/survey.html#put--d2l-api-le-(version)-(orgUnitId)-surveys-categories-(categoryId)
Learning Environment,GET,/d2l/api/le/(version)/(orgUnitId)/updates/myUpdates,,Updates.OrgUnitUpdates,1.82+,1.75-81,1.74-,https://docs.valence.desire2learn.com/res/updates.html#get--d2l-api-le-(version)-(orgUnitId)-updates-myUpdates
Learning Environment,PUT,/d2l/api/le/(version)/accommodations/,,Accommodations.UserAccommodations,1.82+,1.75-81,1.74-,https://docs.valence.desire2learn.com/res/accommodations.html#put--d2l-api-le-(version)-accommodations-
Learning Environment,GET,/d2l/api/le/(version)/accommodations/(orgUnitId)/myaccommodations,,Accommodations.UserAccommodations,1.82+,1.75-81,1.74-,https://docs.valence.desire2learn.com/res/accommodations.html#get--d2l-api-le-(version)-accommodations-(orgUnitId)-myaccommodations
Learning Environment,GET,/d2l/api/le/(version)/accommodations/(orgUnitId)/users/(userId),,Accommodations.UserAccommodations,1.82+,1.75-81,1.74-,https://docs.valence.desire2learn.com/res/accommodations.html#get--d2l-api-le-(version)-accommodations-(orgUnitId)-users-(userId)
Learning Environment,GET,/d2l/api/le/(version)/auditing/auditees/(auditeeId),,Audit.AuditedUser,1.82+,1.75-81,1.74-,https://docs.valence.desire2learn.com/res/enroll.html#get--d2l-api-le-(version)-auditing-auditees-(auditeeId)
Learning Environment,GET,/d2l/api/le/(version)/auditing/auditors/(auditorId),,,1.82+,1.75-81,1.74-,https://docs.valence.desire2learn.com/res/enroll.html#get--d2l-api-le-(version)-auditing-auditors-(auditorId)
Learning Environment,DELETE,/d2l/api/le/(version)/auditing/auditors/(auditorId)/auditees/,D2LID as single JSON number,,1.82+,1.75-81,1.74-,https://docs.valence.desire2learn.com/res/enroll.html#delete--d2l-api-le-(version)-auditing-auditors-(auditorId)-auditees-
Learning Environment,GET,/d2l/api/le/(version)/auditing/auditors/(auditorId)/auditees/,,Audit.Auditee,1.82+,1.75-81,1.74-,https://docs.valence.desire2learn.com/res/enroll.html#get--d2l-api-le-(version)-auditing-auditors-(auditorId)-auditees-
Learning Environment,POST,/d2l/api/le/(version)/auditing/auditors/(auditorId)/auditees/,D2LID as single JSON number,,1.82+,1.75-81,1.74-,https://docs.valence.desire2learn.com/res/enroll.html#post--d2l-api-le-(version)-auditing-auditors-(auditorId)-auditees-
Learning Environment,GET,/d2l/api/le/(version)/calendar/events/(userId)/itemCounts,,Api.ObjectListPage,1.94+,,,https://docs.valence.desire2learn.com/res/calendar.html#get--d2l-api-le-(version)-calendar-events-(userId)-itemCounts
Learning Environment,GET,/d2l/api/le/(version)/calendar/events/myEvents/,,Api.ObjectListPage,1.82+,1.75-81,1.74-,https://docs.valence.desire2learn.com/res/calendar.html#get--d2l-api-le-(version)-calendar-events-myEvents-
Learning Environment,GET,/d2l/api/le/(version)/calendar/events/myEvents/itemCounts/,,Api.ObjectListPage,1.82+,1.75-81,1.74-,https://docs.valence.desire2learn.com/res/calendar.html#get--d2l-api-le-(version)-calendar-events-myEvents-itemCounts-
Learning Environment,GET,/d2l/api/le/(version)/calendar/events/myEventsWithOccurrences/,,Api.ObjectListPage,1.94+,,,https://docs.valence.desire2learn.com/res/calendar.html#get--d2l-api-le-(version)-calendar-events-myEventsWithOccurrences-
Learning Environment,GET,/d2l/api/le/(version)/ccb/logs,,Api.ObjectListPage,1.91+,,,https://docs.valence.desire2learn.com/res/course.html#get--d2l-api-le-(version)-ccb-logs
Learning Environment,GET,/d2l/api/le/(version)/content/completions/(userId)/,,ContentCompletions.ContentLearnerProgress,1.82+,1.75-81,1.74-,https://docs.valence.desire2learn.com/res/content.html#get--d2l-api-le-(version)-content-completions-(userId)-
Learning Environment,GET,/d2l/api/le/(version)/content/items/(userId),,Api.ObjectListPage,1.82+,1.75-81,1.74-,https://docs.valence.desire2learn.com/res/content.html#get--d2l-api-le-(version)-content-items-(userId)
Learning Environment,GET,/d2l/api/le/(version)/content/myItems/,,Api.ObjectListPage,1.82+,1.75-81,1.74-,https://docs.valence.desire2learn.com/res/content.html#get--d2l-api-le-(version)-content-myItems-
Learning Environment,GET,/d2l/api/le/(version)/content/myItems/completions/,,Api.ObjectListPage,1.82+,1.75-81,1.74-,https://docs.valence.desire2learn.com/res/content.html#get--d2l-api-le-(version)-content-myItems-completions-
Learning Environment,GET,/d2l/api/le/(version)/content/myItems/completions/due/,,Api.ObjectListPage,1.82+,1.75-81,1.74-,https://docs.valence.desire2learn.com/res/content.html#get--d2l-api-le-(version)-content-myItems-completions-due-
Learning Environment,GET,/d2l/api/le/(version)/content/myItems/due/,,Api.ObjectListPage,1.82+,1.75-81,1.74-,https://docs.valence.desire2learn.com/res/content.html#get--d2l-api-le-(version)-content-myItems-due-
Learning Environment,GET,/d2l/api/le/(version)/content/myItems/due/itemCounts/,,Api.ObjectListPage,1.82+,1.75-81,1.74-,https://docs.valence.desire2learn.com/res/content.html#get--d2l-api-le-(version)-content-myItems-due-itemCounts-
Learning Environment,GET,/d2l/api/le/(version)/content/myItems/itemCounts/,,Api.ObjectListPage,1.82+,1.75-81,1.74-,https://docs.valence.desire2learn.com/res/content.html#get--d2l-api-le-(version)-content-myItems-itemCounts-
Learning Environment,GET,/d2l/api/le/(version)/cpd/category/(categoryId),,Cpd.Category,1.84+,,,https://docs.valence.desire2learn.com/res/cpd.html#get--d2l-api-le-(version)-cpd-category-(categoryId)
Learning Environment,GET,/d2l/api/le/(version)/cpd/method/(methodId),,Cpd.Method,1.84+,,,https://docs.valence.desire2learn.com/res/cpd.html#get--d2l-api-le-(version)-cpd-method-(methodId)
Learning Environment,GET,/d2l/api/le/(version)/cpd/question/(questionId),,Cpd.Question,1.84+,,,https://docs.valence.desire2learn.com/res/cpd.html#get--d2l-api-le-(version)-cpd-question-(questionId)
Learning Environment,GET,/d2l/api/le/(version)/cpd/record/(recordId),,Cpd.Record,1.84+,,,https://docs.valence.desire2learn.com/res/cpd.html#get--d2l-api-le-(version)-cpd-record-(recordId)
Learning Environment,PUT,/d2l/api/le/(version)/cpd/record/(recordId),Cpd.RecordUpdate,Cpd.Record,1.84+,,,https://docs.valence.desire2learn.com/res/cpd.html#put--d2l-api-le-(version)-cpd-record-(recordId)
Learning Environment,GET,/d2l/api/le/(version)/cpd/record/(recordId)/attachment/(attachmentId),,file,1.84+,,,https://docs.valence.desire2learn.com/res/cpd.html#get--d2l-api-le-(version)-cpd-record-(recordId)-attachment-(attachmentId)
Learning Environment,POST,/d2l/api/le/(version)/cpd/record/(recordId)/attachment/upload,,file,1.87+,,,https://docs.valence.desire2learn.com/res/cpd.html#post--d2l-api-le-(version)-cpd-record-(recordId)-attachment-upload
Learning Environment,DELETE,/d2l/api/le/(version)/cpd/record/(recordId)/attachments,,,1.87+,,,https://docs.valence.desire2learn.com/res/cpd.html#delete--d2l-api-le-(version)-cpd-record-(recordId)-attachments
Learning Environment,POST,/d2l/api/le/(version)/cpd/record/(recordId)/attachments,,Cpd.FileInfo,1.87+,,,https://docs.valence.desire2learn.com/res/cpd.html#post--d2l-api-le-(version)-cpd-record-(recordId)-attachments
Learning Environment,GET,/d2l/api/le/(version)/cpd/record/user/(userId),,Api.ObjectListPage,1.84+,,,https://docs.valence.desire2learn.com/res/cpd.html#get--d2l-api-le-(version)-cpd-record-user-(userId)
Learning Environment,GET,/d2l/api/le/(version)/cpd/target/progress/user/(userId),,Cpd.TargetProgress,1.84+,,,https://docs.valence.desire2learn.com/res/cpd.html#get--d2l-api-le-(version)-cpd-target-progress-user-(userId)
Learning Environment,POST,/d2l/api/le/(version)/cpd/user/(userId)/record,Cpd.RecordCreate,Cpd.Record,1.96+,,,https://docs.valence.desire2learn.com/res/cpd.html#post--d2l-api-le-(version)-cpd-user-(userId)-record
Learning Environment,GET,/d2l/api/le/(version)/dropbox/orgUnits/feedback/,,OrgUnit.OrgUnitCoreInfo,1.82+,1.75-81,1.74-,https://docs.valence.desire2learn.com/res/dropbox.html#get--d2l-api-le-(version)-dropbox-orgUnits-feedback-
Learning Environment,GET,/d2l/api/le/(version)/grades/courseCompletion/(userId)/,,Api.PagedResultSet,1.82+,1.75-81,1.74-,https://docs.valence.desire2learn.com/res/grade.html#get--d2l-api-le-(version)-grades-courseCompletion-(userId)-
Learning Environment,GET,/d2l/api/le/(version)/grades/final/values/myGradeValues/,,Api.ObjectListPage,1.82+,1.75-81,1.74-,https://docs.valence.desire2learn.com/res/grade.html#get--d2l-api-le-(version)-grades-final-values-myGradeValues-
Learning Environment,GET,/d2l/api/le/(version)/grades/values/(userId),,Api.ObjectListPage,1.85+,,,https://docs.valence.desire2learn.com/res/grade.html#get--d2l-api-le-(version)-grades-values-(userId)
Learning Environment,POST,/d2l/api/le/(version)/import/(orgUnitId)/copy/,Course.CreateCopyJobRequest,Course.CreateCopyJobResponse,1.82+,1.75-81,1.74-,https://docs.valence.desire2learn.com/res/course.html#post--d2l-api-le-(version)-import-(orgUnitId)-copy-
Learning Environment,GET,/d2l/api/le/(version)/import/(orgUnitId)/copy/(jobToken),,Course.GetCopyJobResponse,1.82+,1.75-81,1.74-,https://docs.valence.desire2learn.com/res/course.html#get--d2l-api-le-(version)-import-(orgUnitId)-copy-(jobToken)
Learning Environment,POST,/d2l/api/le/(version)/import/(orgUnitId)/imports/,,JSON object,1.82+,1.75-81,1.74-,https://docs.valence.desire2learn.com/res/course.html#post--d2l-api-le-(version)-import-(orgUnitId)-imports-
Learning Environment,GET,/d2l/api/le/(version)/import/(orgUnitId)/imports/(jobToken),,Course.GetImportJobResponse,1.82+,1.75-81,1.74-,https://docs.valence.desire2learn.com/res/course.html#get--d2l-api-le-(version)-import-(orgUnitId)-imports-(jobToken)
Learning Environment,GET,/d2l/api/le/(version)/import/(orgUnitid)/imports/(jobToken)/logs/,,Api.PagedResultSet,1.82+,1.75-81,1.74-,https://docs.valence.desire2learn.com/res/course.html#get--d2l-api-le-(version)-import-(orgUnitid)-imports-(jobToken)-logs-
Learning Environment,GET,/d2l/api/le/(version)/lo/alignments/outcome/(outcomeId),,Outcomes.OutcomeAlignment,1.93+,,,https://docs.valence.desire2learn.com/res/outcomes.html#get--d2l-api-le-(version)-lo-alignments-outcome-(outcomeId)
Learning Environment,GET,/d2l/api/le/(version)/lo/alignments/outcomeSet/(outcomeSetId),,Outcomes.OutcomeAlignment,1.93+,,,https://docs.valence.desire2learn.com/res/outcomes.html#get--d2l-api-le-(version)-lo-alignments-outcomeSet-(outcomeSetId)
Learning Environment,POST,/d2l/api/le/(version)/lo/bulkExport,,Outcomes.ImportExportOutcomeSet,1.92+,,,https://docs.valence.desire2learn.com/res/outcomes.html#post--d2l-api-le-(version)-lo-bulkExport
Learning Environment,POST,/d2l/api/le/(version)/lo/bulkImport,,,1.92+,,,https://docs.valence.desire2learn.com/res/outcomes.html#post--d2l-api-le-(version)-lo-bulkImport
Learning Environment,GET,/d2l/api/le/(version)/lo/outcomeScales/,,Outcomes.Scale,1.97+,,,https://docs.valence.desire2learn.com/res/outcomes.html#get--d2l-api-le-(version)-lo-outcomeScales-
Learning Environment,POST,/d2l/api/le/(version)/lo/outcomeScales/,Outcomes.ScaleCreate,Outcomes.Scale,1.97+,,,https://docs.valence.desire2learn.com/res/outcomes.html#post--d2l-api-le-(version)-lo-outcomeScales-
Learning Environment,DELETE,/d2l/api/le/(version)/lo/outcomeScales/(scaleId),,,1.97+,,,https://docs.valence.desire2learn.com/res/outcomes.html#delete--d2l-api-le-(version)-lo-outcomeScales-(scaleId)
Learning Environment,GET,/d2l/api/le/(version)/lo/outcomeScales/(scaleId),,Outcomes.Scale,1.97+,,,https://docs.valence.desire2learn.com/res/outcomes.html#get--d2l-api-le-(version)-lo-outcomeScales-(scaleId)
Learning Environment,PUT,/d2l/api/le/(version)/lo/outcomeScales/(scaleId),Outcomes.ScaleUpdate,Outcomes.Scale,1.97+,,,https://docs.valence.desire2learn.com/res/outcomes.html#put--d2l-api-le-(version)-lo-outcomeScales-(scaleId)
Learning Environment,PUT,/d2l/api/le/(version)/lo/outcomeScales/(scaleId)/(levelId),Outcomes.ScaleLevelUpdate,Outcomes.ScaleLevel,1.97+,,,https://docs.valence.desire2learn.com/res/outcomes.html#put--d2l-api-le-(version)-lo-outcomeScales-(scaleId)-(levelId)
Learning Environment,GET,/d2l/api/le/(version)/lo/outcomeSets/,,Outcomes.OutcomeSet,1.92+,,,https://docs.valence.desire2learn.com/res/outcomes.html#get--d2l-api-le-(version)-lo-outcomeSets-
Learning Environment,POST,/d2l/api/le/(version)/lo/outcomeSets/,,Outcomes.OutcomeSet,1.92+,,,https://docs.valence.desire2learn.com/res/outcomes.html#post--d2l-api-le-(version)-lo-outcomeSets-
Learning Environment,DELETE,/d2l/api/le/(version)/lo/outcomeSets/(outcomeSetId),,,1.92+,,,https://docs.valence.desire2learn.com/res/outcomes.html#delete--d2l-api-le-(version)-lo-outcomeSets-(outcomeSetId)
Learning Environment,GET,/d2l/api/le/(version)/lo/outcomeSets/(outcomeSetId),,Outcomes.OutcomeSet,1.92+,,,https://docs.valence.desire2learn.com/res/outcomes.html#get--d2l-api-le-(version)-lo-outcomeSets-(outcomeSetId)
Learning Environment,PUT,/d2l/api/le/(version)/lo/outcomeSets/(outcomeSetId),,Outcomes.OutcomeSet,1.92+,,,https://docs.valence.desire2learn.com/res/outcomes.html#put--d2l-api-le-(version)-lo-outcomeSets-(outcomeSetId)
Learning Environment,DELETE,/d2l/api/le/(version)/locker/myLocker/(path),,,1.82+,1.75-81,1.74-,https://docs.valence.desire2learn.com/res/locker.html#delete--d2l-api-le-(version)-locker-myLocker-(path)
Learning Environment,GET,/d2l/api/le/(version)/locker/myLocker/(path),,Locker.Folder,1.82+,1.75-81,1.74-,https://docs.valence.desire2learn.com/res/locker.html#get--d2l-api-le-(version)-locker-myLocker-(path)
Learning Environment,POST,/d2l/api/le/(version)/locker/myLocker/(path),string; JSON composite,,1.82+,1.75-81,1.74-,https://docs.valence.desire2learn.com/res/locker.html#post--d2l-api-le-(version)-locker-myLocker-(path)
Learning Environment,PUT,/d2l/api/le/(version)/locker/myLocker/(path),string,,1.82+,1.75-81,1.74-,https://docs.valence.desire2learn.com/res/locker.html#put--d2l-api-le-(version)-locker-myLocker-(path)
Learning Environment,DELETE,/d2l/api/le/(version)/locker/user/(userId)/(path),,,1.82+,1.75-81,1.74-,https://docs.valence.desire2learn.com/res/locker.html#delete--d2l-api-le-(version)-locker-user-(userId)-(path)
Learning Environment,GET,/d2l/api/le/(version)/locker/user/(userId)/(path),,Locker.Folder,1.82+,1.75-81,1.74-,https://docs.valence.desire2learn.com/res/locker.html#get--d2l-api-le-(version)-locker-user-(userId)-(path)
Learning Environment,POST,/d2l/api/le/(version)/locker/user/(userId)/(path),string; JSON composite,,1.82+,1.75-81,1.74-,https://docs.valence.desire2learn.com/res/locker.html#post--d2l-api-le-(version)-locker-user-(userId)-(path)
Learning Environment,PUT,/d2l/api/le/(version)/locker/user/(userId)/(path),string,,1.82+,1.75-81,1.74-,https://docs.valence.desire2learn.com/res/locker.html#put--d2l-api-le-(version)-locker-user-(userId)-(path)
Learning Environment,DELETE,/d2l/api/le/(version)/lti/link/(ltiLinkId),,,1.82+,1.75-81,1.74-,https://docs.valence.desire2learn.com/res/lti.html#delete--d2l-api-le-(version)-lti-link-(ltiLinkId)
Learning Environment,PUT,/d2l/api/le/(version)/lti/link/(ltiLinkId),LTI.CreateLtiLinkData,LTI.LtiLinkData,1.82+,1.75-81,1.74-,https://docs.valence.desire2learn.com/res/lti.html#put--d2l-api-le-(version)-lti-link-(ltiLinkId)
Learning Environment,POST,/d2l/api/le/(version)/lti/link/(orgUnitId),LTI.CreateLtiLinkData,LTI.LtiLinkData,1.82+,1.75-81,1.74-,https://docs.valence.desire2learn.com/res/lti.html#post--d2l-api-le-(version)-lti-link-(orgUnitId)
Learning Environment,GET,/d2l/api/le/(version)/lti/link/(orgUnitId)/,,LTI.LtiLinkData,1.82+,1.75-81,1.74-,https://docs.valence.desire2learn.com/res/lti.html#get--d2l-api-le-(version)-lti-link-(orgUnitId)-
Learning Environment,DELETE,/d2l/api/le/(version)/lti/link/(orgUnitId)/(linkId)/sharing/,,,1.82+,1.75-81,1.74-,https://docs.valence.desire2learn.com/res/lti.html#delete--d2l-api-le-(version)-lti-link-(orgUnitId)-(linkId)-sharing-
Learning Environment,GET,/d2l/api/le/(version)/lti/link/(orgUnitId)/(linkId)/sharing/,,LTI.SharingRuleWithDescendantTypes,1.82+,1.75-81,1.74-,https://docs.valence.desire2learn.com/res/lti.html#get--d2l-api-le-(version)-lti-link-(orgUnitId)-(linkId)-sharing-
Learning Environment,POST,/d2l/api/le/(version)/lti/link/(orgUnitId)/(linkId)/sharing/,LTI.CreateSharingRule,LTI.CreateSharingRule,1.82+,1.75-81,1.74-,https://docs.valence.desire2learn.com/res/lti.html#post--d2l-api-le-(version)-lti-link-(orgUnitId)-(linkId)-sharing-
Learning Environment,DELETE,/d2l/api/le/(version)/lti/link/(orgUnitId)/(linkId)/sharing/(sharingOrgUnitId),,,1.82+,1.75-81,1.74-,https://docs.valence.desire2learn.com/res/lti.html#delete--d2l-api-le-(version)-lti-link-(orgUnitId)-(linkId)-sharing-(sharingOrgUnitId)
Learning Environment,PUT,/d2l/api/le/(version)/lti/link/(orgUnitId)/(linkId)/sharing/(sharingOrgUnitId),UpdateSharingRule,LTI.CreateSharingRule,1.82+,1.75-81,1.74-,https://docs.valence.desire2learn.com/res/lti.html#put--d2l-api-le-(version)-lti-link-(orgUnitId)-(linkId)-sharing-(sharingOrgUnitId)
Learning Environment,GET,/d2l/api/le/(version)/lti/link/(orgUnitId)/(ltiLinkId),,LTI.LtiLinkData,1.82+,1.75-81,1.74-,https://docs.valence.desire2learn.com/res/lti.html#get--d2l-api-le-(version)-lti-link-(orgUnitId)-(ltiLinkId)
Learning Environment,POST,/d2l/api/le/(version)/lti/quicklink/(orgUnitId)/(ltiLinkId),,LTI.LtiQuickLinkData,1.82+,1.75-81,1.74-,https://docs.valence.desire2learn.com/res/lti.html#post--d2l-api-le-(version)-lti-quicklink-(orgUnitId)-(ltiLinkId)
Learning Environment,POST,/d2l/api/le/(version)/lti/tp/(orgUnitId),LTI.CreateLtiProviderData,LTI.LtiToolProviderData,1.82+,1.75-81,1.74-,https://docs.valence.desire2learn.com/res/lti.html#post--d2l-api-le-(version)-lti-tp-(orgUnitId)
Learning Environment,GET,/d2l/api/le/(version)/lti/tp/(orgUnitId)/,,LTI.LtiToolProviderData,1.82+,1.75-81,1.74-,https://docs.valence.desire2learn.com/res/lti.html#get--d2l-api-le-(version)-lti-tp-(orgUnitId)-
Learning Environment,GET,/d2l/api/le/(version)/lti/tp/(orgUnitId)/(tpId),,LTI.LtiToolProviderData,1.82+,1.75-81,1.74-,https://docs.valence.desire2learn.com/res/lti.html#get--d2l-api-le-(version)-lti-tp-(orgUnitId)-(tpId)
Learning Environment,DELETE,/d2l/api/le/(version)/lti/tp/(orgUnitId)/(tpId)/sharing/,,,1.82+,1.75-81,1.74-,https://docs.valence.desire2learn.com/res/lti.html#delete--d2l-api-le-(version)-lti-tp-(orgUnitId)-(tpId)-sharing-
Learning Environment,GET,/d2l/api/le/(version)/lti/tp/(orgUnitId)/(tpId)/sharing/,,LTI.SharingRuleWithDescendantTypes,1.82+,1.75-81,1.74-,https://docs.valence.desire2learn.com/res/lti.html#get--d2l-api-le-(version)-lti-tp-(orgUnitId)-(tpId)-sharing-
Learning Environment,POST,/d2l/api/le/(version)/lti/tp/(orgUnitId)/(tpId)/sharing/,LTI.CreateSharingRule,LTI.CreateSharingRule,1.82+,1.75-81,1.74-,https://docs.valence.desire2learn.com/res/lti.html#post--d2l-api-le-(version)-lti-tp-(orgUnitId)-(tpId)-sharing-
Learning Environment,DELETE,/d2l/api/le/(version)/lti/tp/(orgUnitId)/(tpId)/sharing/(sharingOrgUnitId),,,1.82+,1.75-81,1.74-,https://docs.valence.desire2learn.com/res/lti.html#delete--d2l-api-le-(version)-lti-tp-(orgUnitId)-(tpId)-sharing-(sharingOrgUnitId)
Learning Environment,PUT,/d2l/api/le/(version)/lti/tp/(orgUnitId)/(tpId)/sharing/(sharingOrgUnitId),UpdateSharingRule,LTI.CreateSharingRule,1.82+,1.75-81,1.74-,https://docs.valence.desire2learn.com/res/lti.html#put--d2l-api-le-(version)-lti-tp-(orgUnitId)-(tpId)-sharing-(sharingOrgUnitId)
Learning Environment,DELETE,/d2l/api/le/(version)/lti/tp/(tpId),,,1.82+,1.75-81,1.74-,https://docs.valence.desire2learn.com/res/lti.html#delete--d2l-api-le-(version)-lti-tp-(tpId)
Learning Environment,PUT,/d2l/api/le/(version)/lti/tp/(tpId),LTI.CreateLtiProviderData,LTI.LtiToolProviderData,1.82+,1.75-81,1.74-,https://docs.valence.desire2learn.com/res/lti.html#put--d2l-api-le-(version)-lti-tp-(tpId)
Learning Environment,GET,/d2l/api/le/(version)/ltiadvantage/deployment/,,Api.ObjectListPage,1.82+,1.75-81,1.74-,https://docs.valence.desire2learn.com/res/ltiadvantage.html#get--d2l-api-le-(version)-ltiadvantage-deployment-
Learning Environment,POST,/d2l/api/le/(version)/ltiadvantage/deployment/,LTI.CreateDeploymentData,LTI.DeploymentData,1.82+,1.75-81,1.74-,https://docs.valence.desire2learn.com/res/ltiadvantage.html#post--d2l-api-le-(version)-ltiadvantage-deployment-
Learning Environment,DELETE,/d2l/api/le/(version)/ltiadvantage/deployment/(deploymentId),,,1.82+,1.75-81,1.74-,https://docs.valence.desire2learn.com/res/ltiadvantage.html#delete--d2l-api-le-(version)-ltiadvantage-deployment-(deploymentId)
Learning Environment,GET,/d2l/api/le/(version)/ltiadvantage/deployment/(deploymentId),,LTI.DeploymentData,1.82+,1.75-81,1.74-,https://docs.valence.desire2learn.com/res/ltiadvantage.html#get--d2l-api-le-(version)-ltiadvantage-deployment-(deploymentId)
Learning Environment,PUT,/d2l/api/le/(version)/ltiadvantage/deployment/(deploymentId),LTI.CreateDeploymentData,LTI.DeploymentData,1.82+,1.75-81,1.74-,https://docs.valence.desire2learn.com/res/ltiadvantage.html#put--d2l-api-le-(version)-ltiadvantage-deployment-(deploymentId)
Learning Environment,GET,/d2l/api/le/(version)/ltiadvantage/deployment/(deploymentId)/assetprocessors/,,Api.ObjectListPage,1.87+,,,https://docs.valence.desire2learn.com/res/ltiadvantage.html#get--d2l-api-le-(version)-ltiadvantage-deployment-(deploymentId)-assetprocessors-
Learning Environment,GET,/d2l/api/le/(version)/ltiadvantage/deployment/(deploymentId)/links/summaries/,,Api.ObjectListPage,1.82+,1.75-81,1.74-,https://docs.valence.desire2learn.com/res/ltiadvantage.html#get--d2l-api-le-(version)-ltiadvantage-deployment-(deploymentId)-links-summaries-
Learning Environment,DELETE,/d2l/api/le/(version)/ltiadvantage/deployment/(deploymentId)/sharing/,,,1.82+,1.75-81,1.74-,https://docs.valence.desire2learn.com/res/ltiadvantage.html#delete--d2l-api-le-(version)-ltiadvantage-deployment-(deploymentId)-sharing-
Learning Environment,GET,/d2l/api/le/(version)/ltiadvantage/deployment/(deploymentId)/sharing/,,Api.ObjectListPage,1.82+,1.75-81,1.74-,https://docs.valence.desire2learn.com/res/ltiadvantage.html#get--d2l-api-le-(version)-ltiadvantage-deployment-(deploymentId)-sharing-
Learning Environment,POST,/d2l/api/le/(version)/ltiadvantage/deployment/(deploymentId)/sharing/,LTI.CreateSharingRuleData,LTI.CreateSharingRuleData,1.82+,1.75-81,1.74-,https://docs.valence.desire2learn.com/res/ltiadvantage.html#post--d2l-api-le-(version)-ltiadvantage-deployment-(deploymentId)-sharing-
Learning Environment,DELETE,/d2l/api/le/(version)/ltiadvantage/deployment/(deploymentId)/sharing/(sharingOrgUnitId),,,1.82+,1.75-81,1.74-,https://docs.valence.desire2learn.com/res/ltiadvantage.html#delete--d2l-api-le-(version)-ltiadvantage-deployment-(deploymentId)-sharing-(sharingOrgUnitId)
Learning Environment,PUT,/d2l/api/le/(version)/ltiadvantage/deployment/(deploymentId)/sharing/(sharingOrgUnitId),LTI.UpdateSharingRuleData,LTI.CreateSharingRuleData,1.82+,1.75-81,1.74-,https://docs.valence.desire2learn.com/res/ltiadvantage.html#put--d2l-api-le-(version)-ltiadvantage-deployment-(deploymentId)-sharing-(sharingOrgUnitId)
Learning Environment,GET,/d2l/api/le/(version)/ltiadvantage/links/organization/,,Api.ObjectListPage,1.82+,1.75-81,1.74-,https://docs.valence.desire2learn.com/res/ltiadvantage.html#get--d2l-api-le-(version)-ltiadvantage-links-organization-
Learning Environment,POST,/d2l/api/le/(version)/ltiadvantage/links/organization/,LTI.CreateLTIAdvantageLinkData,LTI.LTIAdvantageLinkData,1.82+,1.75-81,1.74-,https://docs.valence.desire2learn.com/res/ltiadvantage.html#post--d2l-api-le-(version)-ltiadvantage-links-organization-
Learning Environment,DELETE,/d2l/api/le/(version)/ltiadvantage/links/organization/(linkId),,,1.88+,,,https://docs.valence.desire2learn.com/res/ltiadvantage.html#delete--d2l-api-le-(version)-ltiadvantage-links-organization-(linkId)
Learning Environment,GET,/d2l/api/le/(version)/ltiadvantage/links/organization/(linkId),,LTI.LTIAdvantageLinkData,1.82+,1.75-81,1.74-,https://docs.valence.desire2learn.com/res/ltiadvantage.html#get--d2l-api-le-(version)-ltiadvantage-links-organization-(linkId)
Learning Environment,PUT,/d2l/api/le/(version)/ltiadvantage/links/organization/(linkId),LTI.CreateLTIAdvantageLinkData,LTI.LTIAdvantageLinkData,1.82+,1.75-81,1.74-,https://docs.valence.desire2learn.com/res/ltiadvantage.html#put--d2l-api-le-(version)-ltiadvantage-links-organization-(linkId)
Learning Environment,GET,/d2l/api/le/(version)/ltiadvantage/links/orgunit/(orgUnitId)/,,Api.ObjectListPage,1.82+,1.75-81,1.74-,https://docs.valence.desire2learn.com/res/ltiadvantage.html#get--d2l-api-le-(version)-ltiadvantage-links-orgunit-(orgUnitId)-
Learning Environment,POST,/d2l/api/le/(version)/ltiadvantage/links/orgunit/(orgUnitId)/,LTI.CreateLTIAdvantageLinkData,LTI.LTIAdvantageLinkData,1.82+,1.75-81,1.74-,https://docs.valence.desire2learn.com/res/ltiadvantage.html#post--d2l-api-le-(version)-ltiadvantage-links-orgunit-(orgUnitId)-
Learning Environment,DELETE,/d2l/api/le/(version)/ltiadvantage/links/orgunit/(orgUnitId)/(linkId),,,1.82+,1.75-81,1.74-,https://docs.valence.desire2learn.com/res/ltiadvantage.html#delete--d2l-api-le-(version)-ltiadvantage-links-orgunit-(orgUnitId)-(linkId)
Learning Environment,GET,/d2l/api/le/(version)/ltiadvantage/links/orgunit/(orgUnitId)/(linkId),,LTI.LTIAdvantageLinkData,1.82+,1.75-81,1.74-,https://docs.valence.desire2learn.com/res/ltiadvantage.html#get--d2l-api-le-(version)-ltiadvantage-links-orgunit-(orgUnitId)-(linkId)
Learning Environment,PUT,/d2l/api/le/(version)/ltiadvantage/links/orgunit/(orgUnitId)/(linkId),LTI.CreateLTIAdvantageLinkData,LTI.LTIAdvantageLinkData,1.82+,1.75-81,1.74-,https://docs.valence.desire2learn.com/res/ltiadvantage.html#put--d2l-api-le-(version)-ltiadvantage-links-orgunit-(orgUnitId)-(linkId)
Learning Environment,GET,/d2l/api/le/(version)/ltiadvantage/migration/jobs/,,Api.ObjectListPage,1.82+,1.75-81,1.74-,https://docs.valence.desire2learn.com/res/ltiadvantage.html#get--d2l-api-le-(version)-ltiadvantage-migration-jobs-
Learning Environment,POST,/d2l/api/le/(version)/ltiadvantage/migration/jobs/,LTI.MigrationJobData,LTI.MigrationJob,1.82+,1.75-81,1.74-,https://docs.valence.desire2learn.com/res/ltiadvantage.html#post--d2l-api-le-(version)-ltiadvantage-migration-jobs-
Learning Environment,GET,/d2l/api/le/(version)/ltiadvantage/migration/jobs/(jobId),,LTI.MigrationJobStatus,1.82+,1.75-81,1.74-,https://docs.valence.desire2learn.com/res/ltiadvantage.html#get--d2l-api-le-(version)-ltiadvantage-migration-jobs-(jobId)
Learning Environment,POST,/d2l/api/le/(version)/ltiadvantage/migration/links/(linkId),LTI.MigrationData,,1.82+,1.75-81,1.74-,https://docs.valence.desire2learn.com/res/ltiadvantage.html#post--d2l-api-le-(version)-ltiadvantage-migration-links-(linkId)
Learning Environment,DELETE,/d2l/api/le/(version)/ltiadvantage/orgunit/(orgUnitId)/assetprocessor/(assetProcessorId),,,1.87+,,,https://docs.valence.desire2learn.com/res/ltiadvantage.html#delete--d2l-api-le-(version)-ltiadvantage-orgunit-(orgUnitId)-assetprocessor-(assetProcessorId)
Learning Environment,GET,/d2l/api/le/(version)/ltiadvantage/orgunit/(orgUnitId)/assetprocessor/(assetProcessorId),,LTI.AssetProcessorData,1.87+,,,https://docs.valence.desire2learn.com/res/ltiadvantage.html#get--d2l-api-le-(version)-ltiadvantage-orgunit-(orgUnitId)-assetprocessor-(assetProcessorId)
Learning Environment,PUT,/d2l/api/le/(version)/ltiadvantage/orgunit/(orgUnitId)/assetprocessor/(assetProcessorId)/status,,,1.87+,,,https://docs.valence.desire2learn.com/res/ltiadvantage.html#put--d2l-api-le-(version)-ltiadvantage-orgunit-(orgUnitId)-assetprocessor-(assetProcessorId)-status
Learning Environment,GET,/d2l/api/le/(version)/ltiadvantage/orgunit/(orgUnitId)/assetprocessors/,,Api.ObjectListPage,1.87+,,,https://docs.valence.desire2learn.com/res/ltiadvantage.html#get--d2l-api-le-(version)-ltiadvantage-orgunit-(orgUnitId)-assetprocessors-
Learning Environment,GET,/d2l/api/le/(version)/ltiadvantage/registration/,,Api.ObjectListPage,1.82+,1.75-81,1.74-,https://docs.valence.desire2learn.com/res/ltiadvantage.html#get--d2l-api-le-(version)-ltiadvantage-registration-
Learning Environment,POST,/d2l/api/le/(version)/ltiadvantage/registration/,LTI.CreateRegistrationData,LTI.RegistrationData,1.82+,1.75-81,1.74-,https://docs.valence.desire2learn.com/res/ltiadvantage.html#post--d2l-api-le-(version)-ltiadvantage-registration-
Learning Environment,DELETE,/d2l/api/le/(version)/ltiadvantage/registration/(clientId),,,1.82+,1.75-81,1.74-,https://docs.valence.desire2learn.com/res/ltiadvantage.html#delete--d2l-api-le-(version)-ltiadvantage-registration-(clientId)
Learning Environment,GET,/d2l/api/le/(version)/ltiadvantage/registration/(clientId),,LTI.RegistrationData,1.82+,1.75-81,1.74-,https://docs.valence.desire2learn.com/res/ltiadvantage.html#get--d2l-api-le-(version)-ltiadvantage-registration-(clientId)
Learning Environment,PUT,/d2l/api/le/(version)/ltiadvantage/registration/(clientId),LTI.CreateRegistrationData,LTI.RegistrationData,1.82+,1.75-81,1.74-,https://docs.valence.desire2learn.com/res/ltiadvantage.html#put--d2l-api-le-(version)-ltiadvantage-registration-(clientId)
Learning Environment,GET,/d2l/api/le/(version)/ltiadvantage/registration/(clientId)/legacydomains/,,JSON array,1.82+,1.75-81,1.74-,https://docs.valence.desire2learn.com/res/ltiadvantage.html#get--d2l-api-le-(version)-ltiadvantage-registration-(clientId)-legacydomains-
Learning Environment,POST,/d2l/api/le/(version)/ltiadvantage/registration/(clientId)/legacydomains/,,,1.82+,1.75-81,1.74-,https://docs.valence.desire2learn.com/res/ltiadvantage.html#post--d2l-api-le-(version)-ltiadvantage-registration-(clientId)-legacydomains-
Learning Environment,PUT,/d2l/api/le/(version)/ltiadvantage/registration/(clientId)/legacydomains/,,,1.82+,1.75-81,1.74-,https://docs.valence.desire2learn.com/res/ltiadvantage.html#put--d2l-api-le-(version)-ltiadvantage-registration-(clientId)-legacydomains-
Learning Environment,GET,/d2l/api/le/(version)/news/user/(userId)/,,Api.ObjectListPage,1.82+,1.75-81,1.74-,https://docs.valence.desire2learn.com/res/news.html#get--d2l-api-le-(version)-news-user-(userId)-
Learning Environment,GET,/d2l/api/le/(version)/overdueItems/,,Api.ObjectListPage,1.82+,1.75-81,1.74-,https://docs.valence.desire2learn.com/res/content.html#get--d2l-api-le-(version)-overdueItems-
Learning Environment,GET,/d2l/api/le/(version)/overdueItems/myItems,,Api.ObjectListPage,1.82+,1.75-81,1.74-,https://docs.valence.desire2learn.com/res/content.html#get--d2l-api-le-(version)-overdueItems-myItems
Learning Environment,GET,/d2l/api/le/(version)/updates/myUpdates/,,Api.ObjectListPage,1.82+,1.75-81,1.74-,https://docs.valence.desire2learn.com/res/updates.html#get--d2l-api-le-(version)-updates-myUpdates-
Learning Environment,POST,/d2l/api/le/{version}/ipsis/upload/{sourceSystemId}/signedurl,IPSIS.FileNameData,IPSIS.SignedUrlData,1.82+,1.75-81,1.74-,https://docs.valence.desire2learn.com/res/ipsis.html#post--d2l-api-le-version-ipsis-upload-sourceSystemId-signedurl
Learning Object Repository,POST,/d2l/api/lr/(version)/(repositoryId)/upload,,file,1.3+,,,https://docs.valence.desire2learn.com/res/lor.html#post--d2l-api-lr-(version)-(repositoryId)-upload
Learning Object Repository,POST,/d2l/api/lr/(version)/(repositoryId)/upload/publish,,Repository.LRWSPublishResult,1.3+,,,https://docs.valence.desire2learn.com/res/lor.html#post--d2l-api-lr-(version)-(repositoryId)-upload-publish
Learning Object Repository,PUT,/d2l/api/lr/(version)/(repositoryId)/upload/publish/(objectId),,Repository.LRWSPublishResult,1.3+,,,https://docs.valence.desire2learn.com/res/lor.html#put--d2l-api-lr-(version)-(repositoryId)-upload-publish-(objectId)
Learning Object Repository,PUT,/d2l/api/lr/(version)/objects/,,Repository.LRWSPublishResult,1.3+,,1.2-,https://docs.valence.desire2learn.com/res/lor.html#put--d2l-api-lr-(version)-objects-
Learning Object Repository,POST,/d2l/api/lr/(version)/objects/(objectId)/,,Repository.LRWSPublishResult,1.3+,,1.2-,https://docs.valence.desire2learn.com/res/lor.html#post--d2l-api-lr-(version)-objects-(objectId)-
Learning Object Repository,GET,/d2l/api/lr/(version)/objects/(objectId)/(objectVersion)/download/,,file,1.3+,,1.2-,https://docs.valence.desire2learn.com/res/lor.html#get--d2l-api-lr-(version)-objects-(objectId)-(objectVersion)-download-
Learning Object Repository,GET,/d2l/api/lr/(version)/objects/(objectId)/(objectVersion)/downloadfile/,,file,1.3+,,1.2-,https://docs.valence.desire2learn.com/res/lor.html#get--d2l-api-lr-(version)-objects-(objectId)-(objectVersion)-downloadfile-
Learning Object Repository,GET,/d2l/api/lr/(version)/objects/(objectId)/(objectVersion)/link/,,Repository.LRWSObjectLink,1.3+,,1.2-,https://docs.valence.desire2learn.com/res/lor.html#get--d2l-api-lr-(version)-objects-(objectId)-(objectVersion)-link-
Learning Object Repository,GET,/d2l/api/lr/(version)/objects/(objectId)/(objectVersion)/metadata/,,XML,1.3+,,1.2-,https://docs.valence.desire2learn.com/res/lor.html#get--d2l-api-lr-(version)-objects-(objectId)-(objectVersion)-metadata-
Learning Object Repository,GET,/d2l/api/lr/(version)/objects/(objectId)/(objectVersion)/properties/,,Repository.LRWSObjectProperties,1.3+,,1.2-,https://docs.valence.desire2learn.com/res/lor.html#get--d2l-api-lr-(version)-objects-(objectId)-(objectVersion)-properties-
Learning Object Repository,POST,/d2l/api/lr/(version)/objects/(objectId)/(objectVersion)/properties/,Repository.LRWSObjectPropertiesInput,Repository.LRWSBaseResult,1.3+,,1.2-,https://docs.valence.desire2learn.com/res/lor.html#post--d2l-api-lr-(version)-objects-(objectId)-(objectVersion)-properties-
Learning Object Repository,POST,/d2l/api/lr/(version)/objects/(objectId)/delete/,,Repository.LRWSPublishResult,1.3+,,1.2-,https://docs.valence.desire2learn.com/res/lor.html#post--d2l-api-lr-(version)-objects-(objectId)-delete-
Learning Object Repository,GET,/d2l/api/lr/(version)/objects/(objectId)/download/,,file,1.3+,,1.2-,https://docs.valence.desire2learn.com/res/lor.html#get--d2l-api-lr-(version)-objects-(objectId)-download-
Learning Object Repository,GET,/d2l/api/lr/(version)/objects/(objectId)/downloadfile/,,file,1.3+,,1.2-,https://docs.valence.desire2learn.com/res/lor.html#get--d2l-api-lr-(version)-objects-(objectId)-downloadfile-
Learning Object Repository,GET,/d2l/api/lr/(version)/objects/(objectId)/link/,,Repository.LRWSObjectLink,1.3+,,1.2-,https://docs.valence.desire2learn.com/res/lor.html#get--d2l-api-lr-(version)-objects-(objectId)-link-
Learning Object Repository,GET,/d2l/api/lr/(version)/objects/(objectId)/properties/,,Repository.LRWSObjectProperties,1.3+,,1.2-,https://docs.valence.desire2learn.com/res/lor.html#get--d2l-api-lr-(version)-objects-(objectId)-properties-
Learning Object Repository,POST,/d2l/api/lr/(version)/objects/(objectId)/properties/,Repository.LRWSObjectPropertiesInput,Repository.LRWSBaseResult,1.3+,,1.2-,https://docs.valence.desire2learn.com/res/lor.html#post--d2l-api-lr-(version)-objects-(objectId)-properties-
Learning Object Repository,GET,/d2l/api/lr/(version)/objects/search/,,Repository.LRWSSearchResultCollection,1.3+,,1.2-,https://docs.valence.desire2learn.com/res/lor.html#get--d2l-api-lr-(version)-objects-search-
Learning Object Repository,GET,/d2l/api/lr/(version)/repositories/(type)/,,Repository.LRWSRepositoryCollection,1.3+,,1.2-,https://docs.valence.desire2learn.com/res/lor.html#get--d2l-api-lr-(version)-repositories-(type)-
Learning Object Repository,GET,/d2l/api/lr/(version)/repositories/all/,,Repository.LRWSRepositoryCollection,1.3+,,1.2-,https://docs.valence.desire2learn.com/res/lor.html#get--d2l-api-lr-(version)-repositories-all-
Learning Object Repository,GET,/d2l/api/lr/(version)/repository/(repositoryId)/listorgUnittrusts/,,Repository.LRWSTrustCollection,1.3+,,1.2-,https://docs.valence.desire2learn.com/res/lor.html#get--d2l-api-lr-(version)-repository-(repositoryId)-listorgUnittrusts-
Learning Platform,POST,/d2l/api/gae/(version)/linkuser,User.GoogleAppsLinkingItem,,unstable,,,https://docs.valence.desire2learn.com/res/user.html#post--d2l-api-gae-(version)-linkuser
Learning Platform,GET,/d2l/api/lp/(version)/(orgUnitId)/conditionalRelease/conditions/(targetType)/(targetId),,ConditionsData,1.49+,1.46-1.48,1.45-,https://docs.valence.desire2learn.com/res/releaseconditions.html#get--d2l-api-lp-(version)-(orgUnitId)-conditionalRelease-conditions-(targetType)-(targetId)
Learning Platform,PUT,/d2l/api/lp/(version)/(orgUnitId)/conditionalRelease/conditions/(targetType)/(targetId),ConditionsData,,1.49+,1.46-1.48,1.45-,https://docs.valence.desire2learn.com/res/releaseconditions.html#put--d2l-api-lp-(version)-(orgUnitId)-conditionalRelease-conditions-(targetType)-(targetId)
Learning Platform,GET,/d2l/api/lp/(version)/(orgUnitId)/groupcategories/,,Group.GroupCategoryData,1.49+,1.46-1.48,1.45-,https://docs.valence.desire2learn.com/res/groups.html#get--d2l-api-lp-(version)-(orgUnitId)-groupcategories-
Learning Platform,POST,/d2l/api/lp/(version)/(orgUnitId)/groupcategories/,Group.GroupCategoryData,Group.GroupsJobData,1.49+,1.46-1.48,1.45-,https://docs.valence.desire2learn.com/res/groups.html#post--d2l-api-lp-(version)-(orgUnitId)-groupcategories-
Learning Platform,DELETE,/d2l/api/lp/(version)/(orgUnitId)/groupcategories/(groupCategoryId),,,1.49+,1.46-1.48,1.45-,https://docs.valence.desire2learn.com/res/groups.html#delete--d2l-api-lp-(version)-(orgUnitId)-groupcategories-(groupCategoryId)
Learning Platform,GET,/d2l/api/lp/(version)/(orgUnitId)/groupcategories/(groupCategoryId),,Group.GroupCategoryData,1.49+,1.46-1.48,1.45-,https://docs.valence.desire2learn.com/res/groups.html#get--d2l-api-lp-(version)-(orgUnitId)-groupcategories-(groupCategoryId)
Learning Platform,PUT,/d2l/api/lp/(version)/(orgUnitId)/groupcategories/(groupCategoryId),Group.GroupCategoryData,Group.GroupCategoryData,1.49+,1.46-1.48,1.45-,https://docs.valence.desire2learn.com/res/groups.html#put--d2l-api-lp-(version)-(orgUnitId)-groupcategories-(groupCategoryId)
Learning Platform,GET,/d2l/api/lp/(version)/(orgUnitId)/groupcategories/(groupCategoryId)/groups/,,Group.GroupData,1.49+,1.46-1.48,1.45-,https://docs.valence.desire2learn.com/res/groups.html#get--d2l-api-lp-(version)-(orgUnitId)-groupcategories-(groupCategoryId)-groups-
Learning Platform,POST,/d2l/api/lp/(version)/(orgUnitId)/groupcategories/(groupCategoryId)/groups/,Group.GroupData,Group.GroupData,1.49+,1.46-1.48,1.45-,https://docs.valence.desire2learn.com/res/groups.html#post--d2l-api-lp-(version)-(orgUnitId)-groupcategories-(groupCategoryId)-groups-
Learning Platform,DELETE,/d2l/api/lp/(version)/(orgUnitId)/groupcategories/(groupCategoryId)/groups/(groupId),,,1.49+,1.46-1.48,1.45-,https://docs.valence.desire2learn.com/res/groups.html#delete--d2l-api-lp-(version)-(orgUnitId)-groupcategories-(groupCategoryId)-groups-(groupId)
Learning Platform,GET,/d2l/api/lp/(version)/(orgUnitId)/groupcategories/(groupCategoryId)/groups/(groupId),,Group.GroupData,1.49+,1.46-1.48,1.45-,https://docs.valence.desire2learn.com/res/groups.html#get--d2l-api-lp-(version)-(orgUnitId)-groupcategories-(groupCategoryId)-groups-(groupId)
Learning Platform,PUT,/d2l/api/lp/(version)/(orgUnitId)/groupcategories/(groupCategoryId)/groups/(groupId),Group.GroupData,Group.GroupData,1.49+,1.46-1.48,1.45-,https://docs.valence.desire2learn.com/res/groups.html#put--d2l-api-lp-(version)-(orgUnitId)-groupcategories-(groupCategoryId)-groups-(groupId)
Learning Platform,GET,/d2l/api/lp/(version)/(orgUnitId)/groupcategories/(groupCategoryId)/groups/(groupId)/enrollments,,Api.ObjectListPage,1.52+,,,https://docs.valence.desire2learn.com/res/groups.html#get--d2l-api-lp-(version)-(orgUnitId)-groupcategories-(groupCategoryId)-groups-(groupId)-enrollments
Learning Platform,POST,/d2l/api/lp/(version)/(orgUnitId)/groupcategories/(groupCategoryId)/groups/(groupId)/enrollments/,Group.GroupEnrollmentData,,1.49+,1.46-1.48,1.45-,https://docs.valence.desire2learn.com/res/groups.html#post--d2l-api-lp-(version)-(orgUnitId)-groupcategories-(groupCategoryId)-groups-(groupId)-enrollments-
Learning Platform,DELETE,/d2l/api/lp/(version)/(orgUnitId)/groupcategories/(groupCategoryId)/groups/(groupId)/enrollments/(userId),,,1.49+,1.46-1.48,1.45-,https://docs.valence.desire2learn.com/res/groups.html#delete--d2l-api-lp-(version)-(orgUnitId)-groupcategories-(groupCategoryId)-groups-(groupId)-enrollments-(userId)
Learning Platform,GET,/d2l/api/lp/(version)/(orgUnitId)/groupcategories/(groupCategoryId)/groups/(groupId)/noenrollments,,Group.GroupData,1.52+,,,https://docs.valence.desire2learn.com/res/groups.html#get--d2l-api-lp-(version)-(orgUnitId)-groupcategories-(groupCategoryId)-groups-(groupId)-noenrollments
Learning Platform,GET,/d2l/api/lp/(version)/(orgUnitId)/groupcategories/(groupCategoryId)/groups/enrollments,,Api.ObjectListPage,1.52+,,,https://docs.valence.desire2learn.com/res/groups.html#get--d2l-api-lp-(version)-(orgUnitId)-groupcategories-(groupCategoryId)-groups-enrollments
Learning Platform,GET,/d2l/api/lp/(version)/(orgUnitId)/groupcategories/(groupCategoryId)/groups/paged,,Api.ObjectListPage,1.52+,,,https://docs.valence.desire2learn.com/res/groups.html#get--d2l-api-lp-(version)-(orgUnitId)-groupcategories-(groupCategoryId)-groups-paged
Learning Platform,GET,/d2l/api/lp/(version)/(orgUnitId)/groupcategories/(groupCategoryId)/locker,,Locker.GroupLocker,1.49+,1.46-1.48,1.45-,https://docs.valence.desire2learn.com/res/locker.html#get--d2l-api-lp-(version)-(orgUnitId)-groupcategories-(groupCategoryId)-locker
Learning Platform,POST,/d2l/api/lp/(version)/(orgUnitId)/groupcategories/(groupCategoryId)/locker,,Locker.GroupLocker,1.49+,1.46-1.48,1.45-,https://docs.valence.desire2learn.com/res/locker.html#post--d2l-api-lp-(version)-(orgUnitId)-groupcategories-(groupCategoryId)-locker
Learning Platform,GET,/d2l/api/lp/(version)/(orgUnitId)/groupcategories/(groupCategoryId)/status,,Group.GroupCategoryJobStatus,1.49+,1.46-1.48,1.45-,https://docs.valence.desire2learn.com/res/groups.html#get--d2l-api-lp-(version)-(orgUnitId)-groupcategories-(groupCategoryId)-status
Learning Platform,GET,/d2l/api/lp/(version)/(orgUnitId)/groups/,,Api.ObjectListPage,1.64+,,,https://docs.valence.desire2learn.com/res/groups.html#get--d2l-api-lp-(version)-(orgUnitId)-groups-
Learning Platform,GET,/d2l/api/lp/(version)/(orgUnitId)/groups/selfEnrollmentAvailable,,Api.ObjectListPage,1.64+,,,https://docs.valence.desire2learn.com/res/groups.html#get--d2l-api-lp-(version)-(orgUnitId)-groups-selfEnrollmentAvailable
Learning Platform,GET,/d2l/api/lp/(version)/(orgUnitId)/managefiles/,,Api.ObjectListPage,1.49+,,,https://docs.valence.desire2learn.com/res/course.html#get--d2l-api-lp-(version)-(orgUnitId)-managefiles-
Learning Platform,DELETE,/d2l/api/lp/(version)/(orgUnitId)/managefiles/file,DeleteFile,,1.49+,1.46-1.48,1.45-,https://docs.valence.desire2learn.com/res/course.html#delete--d2l-api-lp-(version)-(orgUnitId)-managefiles-file
Learning Platform,GET,/d2l/api/lp/(version)/(orgUnitId)/managefiles/file,,file,1.49+,1.46-1.48,1.45-,https://docs.valence.desire2learn.com/res/course.html#get--d2l-api-lp-(version)-(orgUnitId)-managefiles-file
Learning Platform,POST,/d2l/api/lp/(version)/(orgUnitId)/managefiles/file/save,,Course.UploadedFile,1.49+,1.46-1.48,1.45-,https://docs.valence.desire2learn.com/res/course.html#post--d2l-api-lp-(version)-(orgUnitId)-managefiles-file-save
Learning Platform,POST,/d2l/api/lp/(version)/(orgUnitId)/managefiles/file/upload,,file,1.49+,1.46-1.48,1.45-,https://docs.valence.desire2learn.com/res/course.html#post--d2l-api-lp-(version)-(orgUnitId)-managefiles-file-upload
Learning Platform,DELETE,/d2l/api/lp/(version)/(orgUnitId)/managefiles/folder,DeleteFolder,,1.49+,1.46-1.48,1.45-,https://docs.valence.desire2learn.com/res/course.html#delete--d2l-api-lp-(version)-(orgUnitId)-managefiles-folder
Learning Platform,POST,/d2l/api/lp/(version)/(orgUnitId)/managefiles/folder,Course.CreateFolder,Course.CreatedFolder,1.49+,1.46-1.48,1.45-,https://docs.valence.desire2learn.com/res/course.html#post--d2l-api-lp-(version)-(orgUnitId)-managefiles-folder
Learning Platform,GET,/d2l/api/lp/(version)/(orgUnitId)/roles/,,User.Role,1.49+,1.46-1.48,1.45-,https://docs.valence.desire2learn.com/res/user.html#get--d2l-api-lp-(version)-(orgUnitId)-roles-
Learning Platform,GET,/d2l/api/lp/(version)/(orgUnitId)/sections/,,Section.SectionData,1.49+,1.46-1.48,1.45-,https://docs.valence.desire2learn.com/res/groups.html#get--d2l-api-lp-(version)-(orgUnitId)-sections-
Learning Platform,POST,/d2l/api/lp/(version)/(orgUnitId)/sections/,Section.SectionData,Section.SectionData,1.49+,1.46-1.48,1.45-,https://docs.valence.desire2learn.com/res/groups.html#post--d2l-api-lp-(version)-(orgUnitId)-sections-
Learning Platform,PUT,/d2l/api/lp/(version)/(orgUnitId)/sections/,Section.SectionSettingsData,Section.SectionData,1.49+,1.46-1.48,1.45-,https://docs.valence.desire2learn.com/res/groups.html#put--d2l-api-lp-(version)-(orgUnitId)-sections-
Learning Platform,DELETE,/d2l/api/lp/(version)/(orgUnitId)/sections/(sectionId),,,1.49+,1.46-1.48,1.45-,https://docs.valence.desire2learn.com/res/groups.html#delete--d2l-api-lp-(version)-(orgUnitId)-sections-(sectionId)
Learning Platform,GET,/d2l/api/lp/(version)/(orgUnitId)/sections/(sectionId),,Section.SectionData,1.49+,1.46-1.48,1.45-,https://docs.valence.desire2learn.com/res/groups.html#get--d2l-api-lp-(version)-(orgUnitId)-sections-(sectionId)
Learning Platform,PUT,/d2l/api/lp/(version)/(orgUnitId)/sections/(sectionId),Section.SectionData,Section.SectionData,1.49+,1.46-1.48,1.45-,https://docs.valence.desire2learn.com/res/groups.html#put--d2l-api-lp-(version)-(orgUnitId)-sections-(sectionId)
Learning Platform,GET,/d2l/api/lp/(version)/(orgUnitId)/sections/(sectionId)/enrollments/,,Api.ObjectListPage,1.52+,,,https://docs.valence.desire2learn.com/res/groups.html#get--d2l-api-lp-(version)-(orgUnitId)-sections-(sectionId)-enrollments-
Learning Platform,POST,/d2l/api/lp/(version)/(orgUnitId)/sections/(sectionId)/enrollments/,Section.SectionEnrollment,,1.49+,1.46-1.48,1.45-,https://docs.valence.desire2learn.com/res/groups.html#post--d2l-api-lp-(version)-(orgUnitId)-sections-(sectionId)-enrollments-
Learning Platform,GET,/d2l/api/lp/(version)/(orgUnitId)/sections/(sectionId)/noenrollments,,Section.SectionData,1.52+,,,https://docs.valence.desire2learn.com/res/groups.html#get--d2l-api-lp-(version)-(orgUnitId)-sections-(sectionId)-noenrollments
Learning Platform,GET,/d2l/api/lp/(version)/(orgUnitId)/sections/enrollments/,,Api.ObjectListPage,1.52+,,,https://docs.valence.desire2learn.com/res/groups.html#get--d2l-api-lp-(version)-(orgUnitId)-sections-enrollments-
Learning Platform,GET,/d2l/api/lp/(version)/(orgUnitId)/sections/mysections/,,Section.SectionData,1.49+,1.46-1.48,1.45-,https://docs.valence.desire2learn.com/res/groups.html#get--d2l-api-lp-(version)-(orgUnitId)-sections-mysections-
Learning Platform,GET,/d2l/api/lp/(version)/(orgUnitId)/sections/paged,,Api.ObjectListPage,1.52+,,,https://docs.valence.desire2learn.com/res/groups.html#get--d2l-api-lp-(version)-(orgUnitId)-sections-paged
Learning Platform,GET,/d2l/api/lp/(version)/(orgUnitId)/sections/settings,,Section.SectionSettingsData,1.49+,1.46-1.48,1.45-,https://docs.valence.desire2learn.com/res/groups.html#get--d2l-api-lp-(version)-(orgUnitId)-sections-settings
Learning Platform,POST,/d2l/api/lp/(version)/(orgUnitId)/sections/settings,Section.SectionSettingsData,Section.SectionSettingsData,1.49+,1.46-1.48,1.45-,https://docs.valence.desire2learn.com/res/groups.html#post--d2l-api-lp-(version)-(orgUnitId)-sections-settings
Learning Platform,PUT,/d2l/api/lp/(version)/(orgUnitId)/sections/settings,Section.SectionSettingsData,Section.SectionSettingsData,1.49+,1.46-1.48,1.45-,https://docs.valence.desire2learn.com/res/groups.html#put--d2l-api-lp-(version)-(orgUnitId)-sections-settings
Learning Platform,DELETE,/d2l/api/lp/(version)/(orgUnitId)/widgetdata/(customWidgetId),,,1.49+,1.46-1.48,1.45-,https://docs.valence.desire2learn.com/res/settings.html#delete--d2l-api-lp-(version)-(orgUnitId)-widgetdata-(customWidgetId)
Learning Platform,GET,/d2l/api/lp/(version)/(orgUnitId)/widgetdata/(customWidgetId),,Settings.WidgetData,1.49+,1.46-1.48,1.45-,https://docs.valence.desire2learn.com/res/settings.html#get--d2l-api-lp-(version)-(orgUnitId)-widgetdata-(customWidgetId)
Learning Platform,PUT,/d2l/api/lp/(version)/(orgUnitId)/widgetdata/(customWidgetId),Settings.WidgetData,Settings.WidgetData,1.49+,1.46-1.48,1.45-,https://docs.valence.desire2learn.com/res/settings.html#put--d2l-api-lp-(version)-(orgUnitId)-widgetdata-(customWidgetId)
Learning Platform,DELETE,/d2l/api/lp/(version)/(orgUnitId)/widgetdata/(customWidgetId)/(userId),,,1.49+,1.46-1.48,1.45-,https://docs.valence.desire2learn.com/res/settings.html#delete--d2l-api-lp-(version)-(orgUnitId)-widgetdata-(customWidgetId)-(userId)
Learning Platform,GET,/d2l/api/lp/(version)/(orgUnitId)/widgetdata/(customWidgetId)/(userId),,Settings.WidgetData,1.49+,1.46-1.48,1.45-,https://docs.valence.desire2learn.com/res/settings.html#get--d2l-api-lp-(version)-(orgUnitId)-widgetdata-(customWidgetId)-(userId)
Learning Platform,PUT,/d2l/api/lp/(version)/(orgUnitId)/widgetdata/(customWidgetId)/(userId),Settings.WidgetData,Settings.WidgetData,1.49+; 1.49+,1.46-1.48; 1.46-1.48,1.45-; 1.45-,https://docs.valence.desire2learn.com/res/settings.html#put--d2l-api-lp-(version)-(orgUnitId)-widgetdata-(customWidgetId)-(userId)
Learning Platform,DELETE,/d2l/api/lp/(version)/(orgUnitId)/widgetdata/(customWidgetId)/mydata,,,1.49+,1.46-1.48,1.45-,https://docs.valence.desire2learn.com/res/settings.html#delete--d2l-api-lp-(version)-(orgUnitId)-widgetdata-(customWidgetId)-mydata
Learning Platform,GET,/d2l/api/lp/(version)/(orgUnitId)/widgetdata/(customWidgetId)/mydata,,Settings.WidgetData,1.49+,1.46-1.48,1.45-,https://docs.valence.desire2learn.com/res/settings.html#get--d2l-api-lp-(version)-(orgUnitId)-widgetdata-(customWidgetId)-mydata
Learning Platform,PUT,/d2l/api/lp/(version)/(orgUnitId)/widgetdata/(customWidgetId)/mydata,Settings.WidgetData,Settings.WidgetData,1.49+,1.46-1.48,1.45-,https://docs.valence.desire2learn.com/res/settings.html#put--d2l-api-lp-(version)-(orgUnitId)-widgetdata-(customWidgetId)-mydata
Learning Platform,GET,/d2l/api/lp/(version)/accountSettings/(userId)/locale/,,Locales.Locale,1.49+,1.46-1.48,1.45-,https://docs.valence.desire2learn.com/res/settings.html#get--d2l-api-lp-(version)-accountSettings-(userId)-locale-
Learning Platform,PUT,/d2l/api/lp/(version)/accountSettings/(userId)/locale/,Settings.UpdateLocale,,1.49+,1.46-1.48,1.45-,https://docs.valence.desire2learn.com/res/settings.html#put--d2l-api-lp-(version)-accountSettings-(userId)-locale-
Learning Platform,GET,/d2l/api/lp/(version)/accountSettings/mySettings/locale/,,Locales.Locale,1.49+,1.46-1.48,1.45-,https://docs.valence.desire2learn.com/res/settings.html#get--d2l-api-lp-(version)-accountSettings-mySettings-locale-
Learning Platform,PUT,/d2l/api/lp/(version)/accountSettings/mySettings/locale/,Settings.UpdateLocale,,1.49+,1.46-1.48,1.45-,https://docs.valence.desire2learn.com/res/settings.html#put--d2l-api-lp-(version)-accountSettings-mySettings-locale-
Learning Platform,GET,/d2l/api/lp/(version)/alerts/user/(userId),,Api.ObjectListPage,1.49+,1.46-1.48,1.45-,https://docs.valence.desire2learn.com/res/user.html#get--d2l-api-lp-(version)-alerts-user-(userId)
Learning Platform,GET,/d2l/api/lp/(version)/attributes/schemas/,,Attributes.UserAttributeDefinitions,1.49+,1.46-1.48,1.45-,https://docs.valence.desire2learn.com/res/user.html#get--d2l-api-lp-(version)-attributes-schemas-
Learning Platform,DELETE,/d2l/api/lp/(version)/attributes/users/(userId),,,1.49+,1.46-1.48,1.45-,https://docs.valence.desire2learn.com/res/user.html#delete--d2l-api-lp-(version)-attributes-users-(userId)
Learning Platform,GET,/d2l/api/lp/(version)/attributes/users/(userId),,Attributes.UserAttributes,1.49+,1.46-1.48,1.45-,https://docs.valence.desire2learn.com/res/user.html#get--d2l-api-lp-(version)-attributes-users-(userId)
Learning Platform,PUT,/d2l/api/lp/(version)/attributes/users/(userId),Attributes.UserAttributes,Attributes.UserAttributes,1.49+,1.46-1.48,1.45-,https://docs.valence.desire2learn.com/res/user.html#put--d2l-api-lp-(version)-attributes-users-(userId)
Learning Platform,GET,/d2l/api/lp/(version)/auth/soaptoken,,Auth.TokenInfo,1.49+,1.46-1.48,1.45-,https://docs.valence.desire2learn.com/res/apiprop.html#get--d2l-api-lp-(version)-auth-soaptoken
Learning Platform,GET,/d2l/api/lp/(version)/configVariables/(variableId)/definition,,ConfigVariable.Definition,1.49+,1.46-1.48,1.45-,https://docs.valence.desire2learn.com/res/config.html#get--d2l-api-lp-(version)-configVariables-(variableId)-definition
Learning Platform,GET,/d2l/api/lp/(version)/configVariables/(variableId)/effectiveValues/orgUnits/(orgUnitId),,ConfigVariable.OrgUnitValue,unstable,,,https://docs.valence.desire2learn.com/res/config.html#get--d2l-api-lp-(version)-configVariables-(variableId)-effectiveValues-orgUnits-(orgUnitId)
Learning Platform,DELETE,/d2l/api/lp/(version)/configVariables/(variableId)/resolver,,,unstable,,,https://docs.valence.desire2learn.com/res/config.html#delete--d2l-api-lp-(version)-configVariables-(variableId)-resolver
Learning Platform,GET,/d2l/api/lp/(version)/configVariables/(variableId)/resolver,,,unstable,,,https://docs.valence.desire2learn.com/res/config.html#get--d2l-api-lp-(version)-configVariables-(variableId)-resolver
Learning Platform,PUT,/d2l/api/lp/(version)/configVariables/(variableId)/resolver,ConfigVariable.ResolverValue,,unstable,,,https://docs.valence.desire2learn.com/res/config.html#put--d2l-api-lp-(version)-configVariables-(variableId)-resolver
Learning Platform,GET,/d2l/api/lp/(version)/configVariables/(variableId)/values,,ConfigVariable.Values,1.49+,1.46-1.48,1.45-,https://docs.valence.desire2learn.com/res/config.html#get--d2l-api-lp-(version)-configVariables-(variableId)-values
Learning Platform,GET,/d2l/api/lp/(version)/configVariables/(variableId)/values/org,,ConfigVariable.ConfigOrgValue,1.49+,1.46-1.48,1.45-,https://docs.valence.desire2learn.com/res/config.html#get--d2l-api-lp-(version)-configVariables-(variableId)-values-org
Learning Platform,PUT,/d2l/api/lp/(version)/configVariables/(variableId)/values/org,ConfigVariable.ConfigOrgValue,,1.49+,1.46-1.48,1.45-,https://docs.valence.desire2learn.com/res/config.html#put--d2l-api-lp-(version)-configVariables-(variableId)-values-org
Learning Platform,GET,/d2l/api/lp/(version)/configVariables/(variableId)/values/orgUnits/,,Api.PagedResultSet,1.49+,1.46-1.48,1.45-,https://docs.valence.desire2learn.com/res/config.html#get--d2l-api-lp-(version)-configVariables-(variableId)-values-orgUnits-
Learning Platform,GET,/d2l/api/lp/(version)/configVariables/(variableId)/values/orgUnits/(orgUnitId),,ConfigVariable.OrgUnitValue,1.49+,1.46-1.48,1.45-,https://docs.valence.desire2learn.com/res/config.html#get--d2l-api-lp-(version)-configVariables-(variableId)-values-orgUnits-(orgUnitId)
Learning Platform,PUT,/d2l/api/lp/(version)/configVariables/(variableId)/values/orgUnits/(orgUnitId),ConfigVariable.SpecifiedOrgUnitValue,,1.49+,1.46-1.48,1.45-,https://docs.valence.desire2learn.com/res/config.html#put--d2l-api-lp-(version)-configVariables-(variableId)-values-orgUnits-(orgUnitId)
Learning Platform,GET,/d2l/api/lp/(version)/configVariables/(variableId)/values/roles/,,Api.PagedResultSet,1.49+,1.46-1.48,1.45-,https://docs.valence.desire2learn.com/res/config.html#get--d2l-api-lp-(version)-configVariables-(variableId)-values-roles-
Learning Platform,GET,/d2l/api/lp/(version)/configVariables/(variableId)/values/roles/(roleId),,ConfigVariable.RoleValue,1.49+,1.46-1.48,1.45-,https://docs.valence.desire2learn.com/res/config.html#get--d2l-api-lp-(version)-configVariables-(variableId)-values-roles-(roleId)
Learning Platform,PUT,/d2l/api/lp/(version)/configVariables/(variableId)/values/roles/(roleId),ConfigVariable.SpecifiedRoleValue,,1.49+,1.46-1.48,1.45-,https://docs.valence.desire2learn.com/res/config.html#put--d2l-api-lp-(version)-configVariables-(variableId)-values-roles-(roleId)
Learning Platform,GET,/d2l/api/lp/(version)/configVariables/(variableId)/values/system,,ConfigVariable.ConfigSystemValue,1.49+,1.46-1.48,1.45-,https://docs.valence.desire2learn.com/res/config.html#get--d2l-api-lp-(version)-configVariables-(variableId)-values-system
Learning Platform,PUT,/d2l/api/lp/(version)/configVariables/(variableId)/values/system,ConfigVariable.ConfigSystemValue,,1.49+,1.46-1.48,1.45-,https://docs.valence.desire2learn.com/res/config.html#put--d2l-api-lp-(version)-configVariables-(variableId)-values-system
Learning Platform,GET,/d2l/api/lp/(version)/configVariables/definitions/,,Api.PagedResultSet,1.49+,1.46-1.48,1.45-,https://docs.valence.desire2learn.com/res/config.html#get--d2l-api-lp-(version)-configVariables-definitions-
Learning Platform,POST,/d2l/api/lp/(version)/courses/,Course.CreateCourseOffering,Course.CourseOffering,1.49+,1.46-1.48,1.45-,https://docs.valence.desire2learn.com/res/course.html#post--d2l-api-lp-(version)-courses-
Learning Platform,DELETE,/d2l/api/lp/(version)/courses/(orgUnitId),,,1.49+,1.46-1.48,1.45-,https://docs.valence.desire2learn.com/res/course.html#delete--d2l-api-lp-(version)-courses-(orgUnitId)
Learning Platform,GET,/d2l/api/lp/(version)/courses/(orgUnitId),,Course.CourseOffering,1.49+,1.46-1.48,1.45-,https://docs.valence.desire2learn.com/res/course.html#get--d2l-api-lp-(version)-courses-(orgUnitId)
Learning Platform,PUT,/d2l/api/lp/(version)/courses/(orgUnitId),Course.CourseOfferingInfo,,1.49+,1.46-1.48,1.45-,https://docs.valence.desire2learn.com/res/course.html#put--d2l-api-lp-(version)-courses-(orgUnitId)
Learning Platform,GET,/d2l/api/lp/(version)/courses/(orgUnitId)/image,,image,1.49+,1.46-1.48,1.45-,https://docs.valence.desire2learn.com/res/course.html#get--d2l-api-lp-(version)-courses-(orgUnitId)-image
Learning Platform,PUT,/d2l/api/lp/(version)/courses/(orgUnitId)/image,,,1.49+,1.46-1.48,1.45-,https://docs.valence.desire2learn.com/res/course.html#put--d2l-api-lp-(version)-courses-(orgUnitId)-image
Learning Platform,GET,/d2l/api/lp/(version)/courses/bulkUpdate/(jobTokenId),,Course.CourseUpdateStatus,1.61+,,,https://docs.valence.desire2learn.com/res/course.html#get--d2l-api-lp-(version)-courses-bulkUpdate-(jobTokenId)
Learning Platform,GET,/d2l/api/lp/(version)/courses/parentorgunits,,Course.CourseParent,1.49+,1.46-1.48,1.45-,https://docs.valence.desire2learn.com/res/course.html#get--d2l-api-lp-(version)-courses-parentorgunits
Learning Platform,GET,/d2l/api/lp/(version)/courses/parents,,Course.CourseParents,1.55+,,,https://docs.valence.desire2learn.com/res/course.html#get--d2l-api-lp-(version)-courses-parents
Learning Platform,GET,/d2l/api/lp/(version)/courses/query,,Api.ObjectListPage,1.61+,,,https://docs.valence.desire2learn.com/res/course.html#get--d2l-api-lp-(version)-courses-query
Learning Platform,GET,/d2l/api/lp/(version)/courses/schema,,Course.SchemaElement,1.49+,1.46-1.48,1.45-,https://docs.valence.desire2learn.com/res/course.html#get--d2l-api-lp-(version)-courses-schema
Learning Platform,POST,/d2l/api/lp/(version)/courses/update,Course.CourseDatesUpdateInfo,Course.CourseDatesUpdateJob,1.61+,,,https://docs.valence.desire2learn.com/res/course.html#post--d2l-api-lp-(version)-courses-update
Learning Platform,POST,/d2l/api/lp/(version)/coursetemplates/,Course.CreateCourseTemplate,Course.CourseTemplate,1.49+,1.46-1.48,1.45-,https://docs.valence.desire2learn.com/res/course.html#post--d2l-api-lp-(version)-coursetemplates-
Learning Platform,DELETE,/d2l/api/lp/(version)/coursetemplates/(orgUnitId),,,1.49+,1.46-1.48,1.45-,https://docs.valence.desire2learn.com/res/course.html#delete--d2l-api-lp-(version)-coursetemplates-(orgUnitId)
Learning Platform,GET,/d2l/api/lp/(version)/coursetemplates/(orgUnitId),,Course.CourseTemplate,1.49+,1.46-1.48,1.45-,https://docs.valence.desire2learn.com/res/course.html#get--d2l-api-lp-(version)-coursetemplates-(orgUnitId)
Learning Platform,PUT,/d2l/api/lp/(version)/coursetemplates/(orgUnitId),Course.CourseTemplateInfo,,1.49+,1.46-1.48,1.45-,https://docs.valence.desire2learn.com/res/course.html#put--d2l-api-lp-(version)-coursetemplates-(orgUnitId)
Learning Platform,GET,/d2l/api/lp/(version)/coursetemplates/schema,,Course.SchemaElement,1.49+,1.46-1.48,1.45-,https://docs.valence.desire2learn.com/res/course.html#get--d2l-api-lp-(version)-coursetemplates-schema
Learning Platform,GET,/d2l/api/lp/(version)/dataExport/bds,,BrightspaceDataSets.PagedBrightspaceDataSetReportInfo,1.49+,1.46-1.48,1.45-,https://docs.valence.desire2learn.com/res/dataExport.html#get--d2l-api-lp-(version)-dataExport-bds
Learning Platform,GET,/d2l/api/lp/(version)/dataExport/bds/(pluginid)/(identifier),,file,1.49+,1.46-1.48,1.45-,https://docs.valence.desire2learn.com/res/dataExport.html#get--d2l-api-lp-(version)-dataExport-bds-(pluginid)-(identifier)
Learning Platform,GET,/d2l/api/lp/(version)/dataExport/bds/download/(pluginid),,file,1.49+,1.46-1.48,1.45-,https://docs.valence.desire2learn.com/res/dataExport.html#get--d2l-api-lp-(version)-dataExport-bds-download-(pluginid)
Learning Platform,GET,/d2l/api/lp/(version)/dataExport/bds/list,,BrightspaceDataSets.DataSetReportInfo,1.49+,1.46-1.48,1.45-,https://docs.valence.desire2learn.com/res/dataExport.html#get--d2l-api-lp-(version)-dataExport-bds-list
Learning Platform,POST,/d2l/api/lp/(version)/dataExport/create,DataExport.CreateExportJobData,DataExport.ExportJobData,1.49+,1.46-1.48,1.45-,https://docs.valence.desire2learn.com/res/dataExport.html#post--d2l-api-lp-(version)-dataExport-create
Learning Platform,GET,/d2l/api/lp/(version)/dataExport/download/(exportJobId),,CSV,1.49+,1.46-1.48,1.45-,https://docs.valence.desire2learn.com/res/dataExport.html#get--d2l-api-lp-(version)-dataExport-download-(exportJobId)
Learning Platform,GET,/d2l/api/lp/(version)/dataExport/jobs,,DataExport.ExportJobData,1.49+,1.46-1.48,1.45-,https://docs.valence.desire2learn.com/res/dataExport.html#get--d2l-api-lp-(version)-dataExport-jobs
Learning Platform,GET,/d2l/api/lp/(version)/dataExport/jobs/(exportJobId),,DataExport.ExportJobData,1.49+,1.46-1.48,1.45-,https://docs.valence.desire2learn.com/res/dataExport.html#get--d2l-api-lp-(version)-dataExport-jobs-(exportJobId)
Learning Platform,GET,/d2l/api/lp/(version)/dataExport/list,,DataExport.DataSetData,1.49+,1.46-1.48,1.45-,https://docs.valence.desire2learn.com/res/dataExport.html#get--d2l-api-lp-(version)-dataExport-list
Learning Platform,GET,/d2l/api/lp/(version)/dataExport/list/(dataSetId),,DataExport.DataSetData,1.49+,1.46-1.48,1.45-,https://docs.valence.desire2learn.com/res/dataExport.html#get--d2l-api-lp-(version)-dataExport-list-(dataSetId)
Learning Platform,GET,/d2l/api/lp/(version)/dataExport/version,,DataExport.DataSetsVersionInfo,1.49+,1.46-1.48,1.45-,https://docs.valence.desire2learn.com/res/dataExport.html#get--d2l-api-lp-(version)-dataExport-version
Learning Platform,GET,/d2l/api/lp/(version)/datasets/bds,,Api.ObjectListPage,1.49+,,,https://docs.valence.desire2learn.com/res/dataExport.html#get--d2l-api-lp-(version)-datasets-bds
Learning Platform,GET,/d2l/api/lp/(version)/datasets/bds/(schemaId)/extracts,,Api.ObjectListPage,1.49+,,,https://docs.valence.desire2learn.com/res/dataExport.html#get--d2l-api-lp-(version)-datasets-bds-(schemaId)-extracts
Learning Platform,GET,/d2l/api/lp/(version)/datasets/bds/(schemaId)/plugins/(pluginId)/extracts,,Api.ObjectListPage,1.49+,,,https://docs.valence.desire2learn.com/res/dataExport.html#get--d2l-api-lp-(version)-datasets-bds-(schemaId)-plugins-(pluginId)-extracts
Learning Platform,GET,/d2l/api/lp/(version)/datasets/bds/(schemaId)/plugins/(pluginId)/extracts/(extractId),,file,1.49+,,,https://docs.valence.desire2learn.com/res/dataExport.html#get--d2l-api-lp-(version)-datasets-bds-(schemaId)-plugins-(pluginId)-extracts-(extractId)
Learning Platform,GET,/d2l/api/lp/(version)/demographics/dataTypes/,,Api.PagedResultSet,1.49+,1.46-1.48,1.45-,https://docs.valence.desire2learn.com/res/demographics.html#get--d2l-api-lp-(version)-demographics-dataTypes-
Learning Platform,GET,/d2l/api/lp/(version)/demographics/dataTypes/(dataTypeId),,Demographics.DemographicsDataType,1.49+,1.46-1.48,1.45-,https://docs.valence.desire2learn.com/res/demographics.html#get--d2l-api-lp-(version)-demographics-dataTypes-(dataTypeId)
Learning Platform,GET,/d2l/api/lp/(version)/demographics/fields/,,Api.PagedResultSet,1.49+,1.46-1.48,1.45-,https://docs.valence.desire2learn.com/res/demographics.html#get--d2l-api-lp-(version)-demographics-fields-
Learning Platform,POST,/d2l/api/lp/(version)/demographics/fields/,Demographics.DemographicsField,Demographics.DemographicsField,1.49+,1.46-1.48,1.45-,https://docs.valence.desire2learn.com/res/demographics.html#post--d2l-api-lp-(version)-demographics-fields-
Learning Platform,DELETE,/d2l/api/lp/(version)/demographics/fields/(fieldId),,,1.49+,1.46-1.48,1.45-,https://docs.valence.desire2learn.com/res/demographics.html#delete--d2l-api-lp-(version)-demographics-fields-(fieldId)
Learning Platform,GET,/d2l/api/lp/(version)/demographics/fields/(fieldId),,Demographics.DemographicsField,1.49+,1.46-1.48,1.45-,https://docs.valence.desire2learn.com/res/demographics.html#get--d2l-api-lp-(version)-demographics-fields-(fieldId)
Learning Platform,PUT,/d2l/api/lp/(version)/demographics/fields/(fieldId),Demographics.DemographicsField,Demographics.DemographicsField,1.49+,1.46-1.48,1.45-,https://docs.valence.desire2learn.com/res/demographics.html#put--d2l-api-lp-(version)-demographics-fields-(fieldId)
Learning Platform,GET,/d2l/api/lp/(version)/demographics/orgUnits/(orgUnitId)/users/,,Api.PagedResultSet,1.49+,1.46-1.48,1.45-,https://docs.valence.desire2learn.com/res/demographics.html#get--d2l-api-lp-(version)-demographics-orgUnits-(orgUnitId)-users-
Learning Platform,GET,/d2l/api/lp/(version)/demographics/orgUnits/(orgUnitId)/users/(userId),,Demographics.DemographicsUserEntryData,1.49+,1.46-1.48,1.45-,https://docs.valence.desire2learn.com/res/demographics.html#get--d2l-api-lp-(version)-demographics-orgUnits-(orgUnitId)-users-(userId)
Learning Platform,GET,/d2l/api/lp/(version)/demographics/users/,,Api.PagedResultSet,1.49+,1.46-1.48,1.45-,https://docs.valence.desire2learn.com/res/demographics.html#get--d2l-api-lp-(version)-demographics-users-
Learning Platform,DELETE,/d2l/api/lp/(version)/demographics/users/(userId),,,1.49+,1.46-1.48,1.45-,https://docs.valence.desire2learn.com/res/demographics.html#delete--d2l-api-lp-(version)-demographics-users-(userId)
Learning Platform,GET,/d2l/api/lp/(version)/demographics/users/(userId),,Demographics.DemographicsUserEntryData,1.49+,1.46-1.48,1.45-,https://docs.valence.desire2learn.com/res/demographics.html#get--d2l-api-lp-(version)-demographics-users-(userId)
Learning Platform,PUT,/d2l/api/lp/(version)/demographics/users/(userId),Demographics.DemographicsEntryData,Demographics.DemographicsUserEntryData,1.49+,1.46-1.48,1.45-,https://docs.valence.desire2learn.com/res/demographics.html#put--d2l-api-lp-(version)-demographics-users-(userId)
Learning Platform,POST,/d2l/api/lp/(version)/enrollments/,Enrollment.CreateEnrollmentData,Enrollment.EnrollmentData,1.49+,1.46-1.48,1.45-,https://docs.valence.desire2learn.com/res/enroll.html#post--d2l-api-lp-(version)-enrollments-
Learning Platform,POST,/d2l/api/lp/(version)/enrollments/batch/,Enrollment.CreateEnrollmentData,Enrollment.BatchEnrollmentError,1.49+,1.46-1.48,1.45-,https://docs.valence.desire2learn.com/res/enroll.html#post--d2l-api-lp-(version)-enrollments-batch-
Learning Platform,GET,/d2l/api/lp/(version)/enrollments/myenrollments/,,Api.PagedResultSet,1.49+,1.46-1.48,1.45-,https://docs.valence.desire2learn.com/res/enroll.html#get--d2l-api-lp-(version)-enrollments-myenrollments-
Learning Platform,GET,/d2l/api/lp/(version)/enrollments/myenrollments/(orgUnitId),,Enrollment.MyOrgUnitInfo,1.49+,1.46-1.48,1.45-,https://docs.valence.desire2learn.com/res/enroll.html#get--d2l-api-lp-(version)-enrollments-myenrollments-(orgUnitId)
Learning Platform,GET,/d2l/api/lp/(version)/enrollments/myenrollments/(orgUnitId)/access,,Enrollment.MyOrgUnitAccessInfo,1.49+,1.46-1.48,1.45-,https://docs.valence.desire2learn.com/res/enroll.html#get--d2l-api-lp-(version)-enrollments-myenrollments-(orgUnitId)-access
Learning Platform,GET,/d2l/api/lp/(version)/enrollments/myenrollments/(orgUnitId)/parentOrgUnits,,Api.PagedResultSet,1.49+,1.46-1.48,1.45-,https://docs.valence.desire2learn.com/res/enroll.html#get--d2l-api-lp-(version)-enrollments-myenrollments-(orgUnitId)-parentOrgUnits
Learning Platform,DELETE,/d2l/api/lp/(version)/enrollments/myenrollments/(orgUnitId)/pin,,,1.49+,1.46-1.48,1.45-,https://docs.valence.desire2learn.com/res/enroll.html#delete--d2l-api-lp-(version)-enrollments-myenrollments-(orgUnitId)-pin
Learning Platform,POST,/d2l/api/lp/(version)/enrollments/myenrollments/(orgUnitId)/pin,,Enrollment.MyOrgUnitInfo,1.49+,1.46-1.48,1.45-,https://docs.valence.desire2learn.com/res/enroll.html#post--d2l-api-lp-(version)-enrollments-myenrollments-(orgUnitId)-pin
Learning Platform,GET,/d2l/api/lp/(version)/enrollments/orgUnits/(orgUnitId)/users/,,Api.PagedResultSet,1.49+,1.46-1.48,1.45-,https://docs.valence.desire2learn.com/res/enroll.html#get--d2l-api-lp-(version)-enrollments-orgUnits-(orgUnitId)-users-
Learning Platform,DELETE,/d2l/api/lp/(version)/enrollments/orgUnits/(orgUnitId)/users/(userId),,Enrollment.EnrollmentData,1.49+,1.46-1.48,1.45-,https://docs.valence.desire2learn.com/res/enroll.html#delete--d2l-api-lp-(version)-enrollments-orgUnits-(orgUnitId)-users-(userId)
Learning Platform,GET,/d2l/api/lp/(version)/enrollments/orgUnits/(orgUnitId)/users/(userId),,Enrollment.EnrollmentData,1.49+,1.46-1.48,1.45-,https://docs.valence.desire2learn.com/res/enroll.html#get--d2l-api-lp-(version)-enrollments-orgUnits-(orgUnitId)-users-(userId)
Learning Platform,GET,/d2l/api/lp/(version)/enrollments/orgUnits/(orgUnitId)/users/(userId)/completion,,Enrollment.CompletionData,1.49+,,,https://docs.valence.desire2learn.com/res/enroll.html#get--d2l-api-lp-(version)-enrollments-orgUnits-(orgUnitId)-users-(userId)-completion
Learning Platform,PUT,/d2l/api/lp/(version)/enrollments/orgUnits/(orgUnitId)/users/(userId)/completion,Enrollment.CompletionParameterData,Enrollment.CompletionData,1.49+,,,https://docs.valence.desire2learn.com/res/enroll.html#put--d2l-api-lp-(version)-enrollments-orgUnits-(orgUnitId)-users-(userId)-completion
Learning Platform,DELETE,/d2l/api/lp/(version)/enrollments/orgUnits/(orgUnitId)/users/(userId)/pin,,,1.49+,1.46-1.48,1.45-,https://docs.valence.desire2learn.com/res/enroll.html#delete--d2l-api-lp-(version)-enrollments-orgUnits-(orgUnitId)-users-(userId)-pin
Learning Platform,POST,/d2l/api/lp/(version)/enrollments/orgUnits/(orgUnitId)/users/(userId)/pin,,,1.49+,1.46-1.48,1.45-,https://docs.valence.desire2learn.com/res/enroll.html#post--d2l-api-lp-(version)-enrollments-orgUnits-(orgUnitId)-users-(userId)-pin
Learning Platform,GET,/d2l/api/lp/(version)/enrollments/users/(userId)/orgUnits/,,Api.PagedResultSet,1.49+,1.46-1.48,1.45-,https://docs.valence.desire2learn.com/res/enroll.html#get--d2l-api-lp-(version)-enrollments-users-(userId)-orgUnits-
Learning Platform,DELETE,/d2l/api/lp/(version)/enrollments/users/(userId)/orgUnits/(orgUnitId),,Enrollment.EnrollmentData,1.49+,1.46-1.48,1.45-,https://docs.valence.desire2learn.com/res/enroll.html#delete--d2l-api-lp-(version)-enrollments-users-(userId)-orgUnits-(orgUnitId)
Learning Platform,GET,/d2l/api/lp/(version)/enrollments/users/(userId)/orgUnits/(orgUnitId),,Enrollment.EnrollmentData,1.49+,1.46-1.48,1.45-,https://docs.valence.desire2learn.com/res/enroll.html#get--d2l-api-lp-(version)-enrollments-users-(userId)-orgUnits-(orgUnitId)
Learning Platform,GET,/d2l/api/lp/(version)/feed/,,Feed.UserFeedResource,1.49+,1.46-1.48,1.45-,https://docs.valence.desire2learn.com/res/news.html#get--d2l-api-lp-(version)-feed-
Learning Platform,PUT,/d2l/api/lp/(version)/forceLogout/(userId),,,1.49+,1.46-1.48,1.45-,https://docs.valence.desire2learn.com/res/user.html#put--d2l-api-lp-(version)-forceLogout-(userId)
Learning Platform,GET,/d2l/api/lp/(version)/globalusermapping/identifiers/(identifier),,JSON object,1.49+,1.46-1.48,1.45-,https://docs.valence.desire2learn.com/res/user.html#get--d2l-api-lp-(version)-globalusermapping-identifiers-(identifier)
Learning Platform,DELETE,/d2l/api/lp/(version)/globalusermapping/users/(userid),,,1.49+,1.46-1.48,1.45-,https://docs.valence.desire2learn.com/res/user.html#delete--d2l-api-lp-(version)-globalusermapping-users-(userid)
Learning Platform,GET,/d2l/api/lp/(version)/globalusermapping/users/(userid),,GlobalUserMapping.MapIdentifier,1.49+,1.46-1.48,1.45-,https://docs.valence.desire2learn.com/res/user.html#get--d2l-api-lp-(version)-globalusermapping-users-(userid)
Learning Platform,PUT,/d2l/api/lp/(version)/globalusermapping/users/(userid),GlobalUserMapping.MapIdentifier,,1.49+,1.46-1.48,1.45-,https://docs.valence.desire2learn.com/res/user.html#put--d2l-api-lp-(version)-globalusermapping-users-(userid)
Learning Platform,GET,/d2l/api/lp/(version)/imsconfig/map/roles/,,1EdTechConfig.LISRoleMapping,unstable,,,https://docs.valence.desire2learn.com/res/user.html#get--d2l-api-lp-(version)-imsconfig-map-roles-
Learning Platform,GET,/d2l/api/lp/(version)/imsconfig/map/roles/(roleId),,1EdTechConfig.LISRoleMapping,unstable,,,https://docs.valence.desire2learn.com/res/user.html#get--d2l-api-lp-(version)-imsconfig-map-roles-(roleId)
Learning Platform,PUT,/d2l/api/lp/(version)/imsconfig/map/roles/(roleId),string array,1EdTechConfig.LISRoleMapping,unstable,,,https://docs.valence.desire2learn.com/res/user.html#put--d2l-api-lp-(version)-imsconfig-map-roles-(roleId)
Learning Platform,GET,/d2l/api/lp/(version)/imsconfig/roles/,,1EdTechConfig.LISRole,unstable,,,https://docs.valence.desire2learn.com/res/user.html#get--d2l-api-lp-(version)-imsconfig-roles-
Learning Platform,GET,/d2l/api/lp/(version)/language,,Api.PagedResultSet,1.49+,1.46-1.48,1.45-,https://docs.valence.desire2learn.com/res/locale.html#get--d2l-api-lp-(version)-language
Learning Platform,DELETE,/d2l/api/lp/(version)/localauthenticationsecurity/overrides/,,,1.49+,1.46-1.48,1.45-,https://docs.valence.desire2learn.com/res/settings.html#delete--d2l-api-lp-(version)-localauthenticationsecurity-overrides-
Learning Platform,GET,/d2l/api/lp/(version)/localauthenticationsecurity/overrides/,,Settings.LASOverrideData,1.49+,1.46-1.48,1.45-,https://docs.valence.desire2learn.com/res/settings.html#get--d2l-api-lp-(version)-localauthenticationsecurity-overrides-
Learning Platform,POST,/d2l/api/lp/(version)/localauthenticationsecurity/overrides/,Settings.LASOverrideUpdateData,,1.49+,1.46-1.48,1.45-,https://docs.valence.desire2learn.com/res/settings.html#post--d2l-api-lp-(version)-localauthenticationsecurity-overrides-
Learning Platform,GET,/d2l/api/lp/(version)/locales/,,Api.PagedResultSet,unstable,,,https://docs.valence.desire2learn.com/res/locale.html#get--d2l-api-lp-(version)-locales-
Learning Platform,GET,/d2l/api/lp/(version)/locales/(localeId),,Locales.Locale,unstable,,,https://docs.valence.desire2learn.com/res/locale.html#get--d2l-api-lp-(version)-locales-(localeId)
Learning Platform,GET,/d2l/api/lp/(version)/logging/,,Api.PagedResultSet,1.49+,1.46-1.48,1.45-,https://docs.valence.desire2learn.com/res/apiprop.html#get--d2l-api-lp-(version)-logging-
Learning Platform,GET,/d2l/api/lp/(version)/logging/(logMessageId)/,,Logging.Message,1.49+,1.46-1.48,1.45-,https://docs.valence.desire2learn.com/res/apiprop.html#get--d2l-api-lp-(version)-logging-(logMessageId)-
Learning Platform,GET,/d2l/api/lp/(version)/logging/grouped/,,Api.PagedResultSet,1.49+,1.46-1.48,1.45-,https://docs.valence.desire2learn.com/res/apiprop.html#get--d2l-api-lp-(version)-logging-grouped-
Learning Platform,GET,/d2l/api/lp/(version)/notifications/instant/carriers/,,,1.49+,1.46-1.48,1.45-,https://docs.valence.desire2learn.com/res/user.html#get--d2l-api-lp-(version)-notifications-instant-carriers-
Learning Platform,GET,/d2l/api/lp/(version)/notifications/instant/carriers/(carrierId)/subscriptions/,,,1.49+,1.46-1.48,1.45-,https://docs.valence.desire2learn.com/res/user.html#get--d2l-api-lp-(version)-notifications-instant-carriers-(carrierId)-subscriptions-
Learning Platform,DELETE,/d2l/api/lp/(version)/notifications/instant/carriers/(carrierId)/subscriptions/(messageTypeId),,,1.49+,1.46-1.48,1.45-,https://docs.valence.desire2learn.com/res/user.html#delete--d2l-api-lp-(version)-notifications-instant-carriers-(carrierId)-subscriptions-(messageTypeId)
Learning Platform,PUT,/d2l/api/lp/(version)/notifications/instant/carriers/(carrierId)/subscriptions/(messageTypeId),,,1.49+,1.46-1.48,1.45-,https://docs.valence.desire2learn.com/res/user.html#put--d2l-api-lp-(version)-notifications-instant-carriers-(carrierId)-subscriptions-(messageTypeId)
Learning Platform,DELETE,/d2l/api/lp/(version)/notifications/instant/carriers/(carrierId)/subscriptions/(messageTypeId)/users/(userId),,,1.49+,1.46-1.48,1.45-,https://docs.valence.desire2learn.com/res/user.html#delete--d2l-api-lp-(version)-notifications-instant-carriers-(carrierId)-subscriptions-(messageTypeId)-users-(userId)
Learning Platform,PUT,/d2l/api/lp/(version)/notifications/instant/carriers/(carrierId)/subscriptions/(messageTypeId)/users/(userId),,,1.49+,1.46-1.48,1.45-,https://docs.valence.desire2learn.com/res/user.html#put--d2l-api-lp-(version)-notifications-instant-carriers-(carrierId)-subscriptions-(messageTypeId)-users-(userId)
Learning Platform,GET,/d2l/api/lp/(version)/notifications/instant/carriers/(carrierId)/subscriptions/users/(userId)/,,,1.49+,1.46-1.48,1.45-,https://docs.valence.desire2learn.com/res/user.html#get--d2l-api-lp-(version)-notifications-instant-carriers-(carrierId)-subscriptions-users-(userId)-
Learning Platform,GET,/d2l/api/lp/(version)/notifications/instant/users/(userId)/settings,,Notifications.UserNotificationSettingsData,1.49+,1.46-1.48,1.45-,https://docs.valence.desire2learn.com/res/user.html#get--d2l-api-lp-(version)-notifications-instant-users-(userId)-settings
Learning Platform,PUT,/d2l/api/lp/(version)/notifications/instant/users/(userId)/settings,Notifications.UserNotificationSettingsData,,1.49+,1.46-1.48,1.45-,https://docs.valence.desire2learn.com/res/user.html#put--d2l-api-lp-(version)-notifications-instant-users-(userId)-settings
Learning Platform,GET,/d2l/api/lp/(version)/organization/info,,Org.Organization,1.49+,1.46-1.48,1.45-,https://docs.valence.desire2learn.com/res/orgunit.html#get--d2l-api-lp-(version)-organization-info
Learning Platform,GET,/d2l/api/lp/(version)/organization/primary-url,,text/plain,1.49+,1.46-1.48,1.45-,https://docs.valence.desire2learn.com/res/orgunit.html#get--d2l-api-lp-(version)-organization-primary-url
Learning Platform,GET,/d2l/api/lp/(version)/orgstructure/,,Api.PagedResultSet,1.49+,1.46-1.48,1.45-,https://docs.valence.desire2learn.com/res/orgunit.html#get--d2l-api-lp-(version)-orgstructure-
Learning Platform,POST,/d2l/api/lp/(version)/orgstructure/,OrgUnit.OrgUnitCreateData,OrgUnit.OrgUnit,1.49+,1.46-1.48,1.45-,https://docs.valence.desire2learn.com/res/orgunit.html#post--d2l-api-lp-(version)-orgstructure-
Learning Platform,GET,/d2l/api/lp/(version)/orgstructure/(orgUnitId),,OrgUnit.OrgUnit,1.49+,1.46-1.48,1.45-,https://docs.valence.desire2learn.com/res/orgunit.html#get--d2l-api-lp-(version)-orgstructure-(orgUnitId)
Learning Platform,PUT,/d2l/api/lp/(version)/orgstructure/(orgUnitId),OrgUnit.OrgUnitProperties,OrgUnit.OrgUnitProperties,1.49+,1.46-1.48,1.45-,https://docs.valence.desire2learn.com/res/orgunit.html#put--d2l-api-lp-(version)-orgstructure-(orgUnitId)
Learning Platform,GET,/d2l/api/lp/(version)/orgstructure/(orgUnitId)/ancestors/,,OrgUnit.OrgUnit,1.49+,1.46-1.48,1.45-,https://docs.valence.desire2learn.com/res/orgunit.html#get--d2l-api-lp-(version)-orgstructure-(orgUnitId)-ancestors-
Learning Platform,GET,/d2l/api/lp/(version)/orgstructure/(orgUnitId)/children/,,OrgUnit.OrgUnit,1.49+,1.46-1.48,1.45-,https://docs.valence.desire2learn.com/res/orgunit.html#get--d2l-api-lp-(version)-orgstructure-(orgUnitId)-children-
Learning Platform,POST,/d2l/api/lp/(version)/orgstructure/(orgUnitId)/children/,D2LID as single JSON number,,1.49+,1.46-1.48,1.45-,https://docs.valence.desire2learn.com/res/orgunit.html#post--d2l-api-lp-(version)-orgstructure-(orgUnitId)-children-
Learning Platform,DELETE,/d2l/api/lp/(version)/orgstructure/(orgUnitId)/children/(childOrgUnitId),,,1.49+,1.46-1.48,1.45-,https://docs.valence.desire2learn.com/res/orgunit.html#delete--d2l-api-lp-(version)-orgstructure-(orgUnitId)-children-(childOrgUnitId)
Learning Platform,GET,/d2l/api/lp/(version)/orgstructure/(orgUnitId)/children/paged/,,Api.PagedResultSet,1.49+,1.46-1.48,1.45-,https://docs.valence.desire2learn.com/res/orgunit.html#get--d2l-api-lp-(version)-orgstructure-(orgUnitId)-children-paged-
Learning Platform,GET,/d2l/api/lp/(version)/orgstructure/(orgUnitId)/colours,,OrgUnitEditor.ColourScheme,1.49+,1.46-1.48,1.45-,https://docs.valence.desire2learn.com/res/orgunit.html#get--d2l-api-lp-(version)-orgstructure-(orgUnitId)-colours
Learning Platform,PUT,/d2l/api/lp/(version)/orgstructure/(orgUnitId)/colours,OrgUnitEditor.ColourScheme,OrgUnitEditor.ColourScheme,1.49+,1.46-1.48,1.45-,https://docs.valence.desire2learn.com/res/orgunit.html#put--d2l-api-lp-(version)-orgstructure-(orgUnitId)-colours
Learning Platform,GET,/d2l/api/lp/(version)/orgstructure/(orgUnitId)/descendants/,,OrgUnit.OrgUnit,1.49+,1.46-1.48,1.45-,https://docs.valence.desire2learn.com/res/orgunit.html#get--d2l-api-lp-(version)-orgstructure-(orgUnitId)-descendants-
Learning Platform,GET,/d2l/api/lp/(version)/orgstructure/(orgUnitId)/descendants/paged/,,Api.PagedResultSet,1.49+,1.46-1.48,1.45-,https://docs.valence.desire2learn.com/res/orgunit.html#get--d2l-api-lp-(version)-orgstructure-(orgUnitId)-descendants-paged-
Learning Platform,GET,/d2l/api/lp/(version)/orgstructure/(orgUnitId)/parents/,,OrgUnit.OrgUnit,1.49+,1.46-1.48,1.45-,https://docs.valence.desire2learn.com/res/orgunit.html#get--d2l-api-lp-(version)-orgstructure-(orgUnitId)-parents-
Learning Platform,POST,/d2l/api/lp/(version)/orgstructure/(orgUnitId)/parents/,D2LID as single JSON number,,1.49+,1.46-1.48,1.45-,https://docs.valence.desire2learn.com/res/orgunit.html#post--d2l-api-lp-(version)-orgstructure-(orgUnitId)-parents-
Learning Platform,DELETE,/d2l/api/lp/(version)/orgstructure/(orgUnitId)/parents/(parentOrgUnitId),,,1.49+,1.46-1.48,1.45-,https://docs.valence.desire2learn.com/res/orgunit.html#delete--d2l-api-lp-(version)-orgstructure-(orgUnitId)-parents-(parentOrgUnitId)
Learning Platform,GET,/d2l/api/lp/(version)/orgstructure/childless/,,Api.PagedResultSet,1.49+,1.46-1.48,1.45-,https://docs.valence.desire2learn.com/res/orgunit.html#get--d2l-api-lp-(version)-orgstructure-childless-
Learning Platform,GET,/d2l/api/lp/(version)/orgstructure/orphans/,,Api.PagedResultSet,1.49+,1.46-1.48,1.45-,https://docs.valence.desire2learn.com/res/orgunit.html#get--d2l-api-lp-(version)-orgstructure-orphans-
Learning Platform,GET,/d2l/api/lp/(version)/orgstructure/recyclebin/,,Api.PagedResultSet,1.49+,1.46-1.48,1.45-,https://docs.valence.desire2learn.com/res/orgunit.html#get--d2l-api-lp-(version)-orgstructure-recyclebin-
Learning Platform,DELETE,/d2l/api/lp/(version)/orgstructure/recyclebin/(orgUnitId),,,1.49+,1.46-1.48,1.45-,https://docs.valence.desire2learn.com/res/orgunit.html#delete--d2l-api-lp-(version)-orgstructure-recyclebin-(orgUnitId)
Learning Platform,POST,/d2l/api/lp/(version)/orgstructure/recyclebin/(orgUnitId)/recycle,,,1.49+,1.46-1.48,1.45-,https://docs.valence.desire2learn.com/res/orgunit.html#post--d2l-api-lp-(version)-orgstructure-recyclebin-(orgUnitId)-recycle
Learning Platform,POST,/d2l/api/lp/(version)/orgstructure/recyclebin/(orgUnitId)/restore,,,1.49+,1.46-1.48,1.45-,https://docs.valence.desire2learn.com/res/orgunit.html#post--d2l-api-lp-(version)-orgstructure-recyclebin-(orgUnitId)-restore
Learning Platform,GET,/d2l/api/lp/(version)/outypes/,,OrgUnit.OrgUnitType,1.49+,1.46-1.48,1.45-,https://docs.valence.desire2learn.com/res/orgunit.html#get--d2l-api-lp-(version)-outypes-
Learning Platform,POST,/d2l/api/lp/(version)/outypes/,OrgUnit.CreateOrgUnitTypeData,OrgUnit.OrgUnitType,1.49+,1.46-1.48,1.45-,https://docs.valence.desire2learn.com/res/orgunit.html#post--d2l-api-lp-(version)-outypes-
Learning Platform,DELETE,/d2l/api/lp/(version)/outypes/(orgUnitTypeId),,,1.49+,1.46-1.48,1.45-,https://docs.valence.desire2learn.com/res/orgunit.html#delete--d2l-api-lp-(version)-outypes-(orgUnitTypeId)
Learning Platform,GET,/d2l/api/lp/(version)/outypes/(orgUnitTypeId),,OrgUnit.OrgUnitType,1.49+,1.46-1.48,1.45-,https://docs.valence.desire2learn.com/res/orgunit.html#get--d2l-api-lp-(version)-outypes-(orgUnitTypeId)
Learning Platform,POST,/d2l/api/lp/(version)/outypes/(orgUnitTypeId),OrgUnit.CreateOrgUnitTypeData,OrgUnit.OrgUnitType,1.49+,1.46-1.48,1.45-,https://docs.valence.desire2learn.com/res/orgunit.html#post--d2l-api-lp-(version)-outypes-(orgUnitTypeId)
Learning Platform,GET,/d2l/api/lp/(version)/outypes/department,,OrgUnit.OrgUnitType,1.49+,1.46-1.48,1.45-,https://docs.valence.desire2learn.com/res/orgunit.html#get--d2l-api-lp-(version)-outypes-department
Learning Platform,GET,/d2l/api/lp/(version)/outypes/semester,,OrgUnit.OrgUnitType,1.49+,1.46-1.48,1.45-,https://docs.valence.desire2learn.com/res/orgunit.html#get--d2l-api-lp-(version)-outypes-semester
Learning Platform,GET,/d2l/api/lp/(version)/permissions/tools/(toolId)/capabilities/,,Api.PagedResultSet,unstable,,,https://docs.valence.desire2learn.com/res/permissions.html#get--d2l-api-lp-(version)-permissions-tools-(toolId)-capabilities-
Learning Platform,POST,/d2l/api/lp/(version)/permissions/tools/(toolId)/capabilities/,Permissions.Capability,Permissions.Capability,unstable,,,https://docs.valence.desire2learn.com/res/permissions.html#post--d2l-api-lp-(version)-permissions-tools-(toolId)-capabilities-
Learning Platform,DELETE,/d2l/api/lp/(version)/permissions/tools/(toolId)/capabilities/(capabilityId),,,unstable,,,https://docs.valence.desire2learn.com/res/permissions.html#delete--d2l-api-lp-(version)-permissions-tools-(toolId)-capabilities-(capabilityId)
Learning Platform,GET,/d2l/api/lp/(version)/permissions/tools/(toolId)/claims/,,Api.PagedResultSet,unstable,,,https://docs.valence.desire2learn.com/res/permissions.html#get--d2l-api-lp-(version)-permissions-tools-(toolId)-claims-
Learning Platform,GET,/d2l/api/lp/(version)/permissions/tools/(toolId)/claims/allowed/,,Api.PagedResultSet,unstable,,,https://docs.valence.desire2learn.com/res/permissions.html#get--d2l-api-lp-(version)-permissions-tools-(toolId)-claims-allowed-
Learning Platform,DELETE,/d2l/api/lp/(version)/permissions/tools/(toolId)/claims/allowed/(grantId),,,unstable,,,https://docs.valence.desire2learn.com/res/permissions.html#delete--d2l-api-lp-(version)-permissions-tools-(toolId)-claims-allowed-(grantId)
Learning Platform,GET,/d2l/api/lp/(version)/permissions/tools/(toolId)/claims/allowed/(grantId),,,unstable,,,https://docs.valence.desire2learn.com/res/permissions.html#get--d2l-api-lp-(version)-permissions-tools-(toolId)-claims-allowed-(grantId)
Learning Platform,PUT,/d2l/api/lp/(version)/permissions/tools/(toolId)/claims/allowed/(grantId),,,unstable,,,https://docs.valence.desire2learn.com/res/permissions.html#put--d2l-api-lp-(version)-permissions-tools-(toolId)-claims-allowed-(grantId)
Learning Platform,GET,/d2l/api/lp/(version)/permissions/tools/(toolId)/claims/metadata/,,Api.PagedResultSet,unstable,,,https://docs.valence.desire2learn.com/res/permissions.html#get--d2l-api-lp-(version)-permissions-tools-(toolId)-claims-metadata-
Learning Platform,GET,/d2l/api/lp/(version)/permissions/tools/(toolId)/claims/metadata/(claimId),,Permissions.ClaimMetaData,unstable,,,https://docs.valence.desire2learn.com/res/permissions.html#get--d2l-api-lp-(version)-permissions-tools-(toolId)-claims-metadata-(claimId)
Learning Platform,GET,/d2l/api/lp/(version)/profile/(profileId),,User.UserProfile,1.49+,1.46-1.48,1.45-,https://docs.valence.desire2learn.com/res/user.html#get--d2l-api-lp-(version)-profile-(profileId)
Learning Platform,PUT,/d2l/api/lp/(version)/profile/(profileId),User.UserProfileUpdateData,User.UserProfile,1.49+,1.46-1.48,1.45-,https://docs.valence.desire2learn.com/res/user.html#put--d2l-api-lp-(version)-profile-(profileId)
Learning Platform,DELETE,/d2l/api/lp/(version)/profile/(profileId)/image,,,1.49+,1.46-1.48,1.45-,https://docs.valence.desire2learn.com/res/user.html#delete--d2l-api-lp-(version)-profile-(profileId)-image
Learning Platform,GET,/d2l/api/lp/(version)/profile/(profileId)/image,,image,1.49+,1.46-1.48,1.45-,https://docs.valence.desire2learn.com/res/user.html#get--d2l-api-lp-(version)-profile-(profileId)-image
Learning Platform,POST,/d2l/api/lp/(version)/profile/(profileId)/image,,,1.49+,1.46-1.48,1.45-,https://docs.valence.desire2learn.com/res/user.html#post--d2l-api-lp-(version)-profile-(profileId)-image
Learning Platform,GET,/d2l/api/lp/(version)/profile/myProfile,,User.UserProfile,1.49+,1.46-1.48,1.45-,https://docs.valence.desire2learn.com/res/user.html#get--d2l-api-lp-(version)-profile-myProfile
Learning Platform,PUT,/d2l/api/lp/(version)/profile/myProfile,User.UserProfileUpdateData,User.UserProfile,1.49+,1.46-1.48,1.45-,https://docs.valence.desire2learn.com/res/user.html#put--d2l-api-lp-(version)-profile-myProfile
Learning Platform,DELETE,/d2l/api/lp/(version)/profile/myProfile/image,,,1.49+,1.46-1.48,1.45-,https://docs.valence.desire2learn.com/res/user.html#delete--d2l-api-lp-(version)-profile-myProfile-image
Learning Platform,GET,/d2l/api/lp/(version)/profile/myProfile/image,,image,1.49+,1.46-1.48,1.45-,https://docs.valence.desire2learn.com/res/user.html#get--d2l-api-lp-(version)-profile-myProfile-image
Learning Platform,POST,/d2l/api/lp/(version)/profile/myProfile/image,,,1.49+,1.46-1.48,1.45-,https://docs.valence.desire2learn.com/res/user.html#post--d2l-api-lp-(version)-profile-myProfile-image
Learning Platform,GET,/d2l/api/lp/(version)/profile/user/(userId),,User.UserProfile,1.49+,1.46-1.48,1.45-,https://docs.valence.desire2learn.com/res/user.html#get--d2l-api-lp-(version)-profile-user-(userId)
Learning Platform,PUT,/d2l/api/lp/(version)/profile/user/(userId),User.UserProfileUpdateData,User.UserProfile,1.49+,,,https://docs.valence.desire2learn.com/res/user.html#put--d2l-api-lp-(version)-profile-user-(userId)
Learning Platform,DELETE,/d2l/api/lp/(version)/profile/user/(userId)/image,,,1.49+,1.46-1.48,1.45-,https://docs.valence.desire2learn.com/res/user.html#delete--d2l-api-lp-(version)-profile-user-(userId)-image
Learning Platform,GET,/d2l/api/lp/(version)/profile/user/(userId)/image,,image,1.49+,1.46-1.48,1.45-,https://docs.valence.desire2learn.com/res/user.html#get--d2l-api-lp-(version)-profile-user-(userId)-image
Learning Platform,POST,/d2l/api/lp/(version)/profile/user/(userId)/image,,,1.49+,1.46-1.48,1.45-,https://docs.valence.desire2learn.com/res/user.html#post--d2l-api-lp-(version)-profile-user-(userId)-image
Learning Platform,GET,/d2l/api/lp/(version)/roles/,,User.Role,1.49+,1.46-1.48,1.45-,https://docs.valence.desire2learn.com/res/user.html#get--d2l-api-lp-(version)-roles-
Learning Platform,POST,/d2l/api/lp/(version)/roles/,User.RoleCopyData,User.Role,unstable,,,https://docs.valence.desire2learn.com/res/user.html#post--d2l-api-lp-(version)-roles-
Learning Platform,GET,/d2l/api/lp/(version)/roles/(roleId),,User.Role,1.49+,1.46-1.48,1.45-,https://docs.valence.desire2learn.com/res/user.html#get--d2l-api-lp-(version)-roles-(roleId)
Learning Platform,DELETE,/d2l/api/lp/(version)/sessions/(userId),,,1.49+,1.46-1.48,1.45-,https://docs.valence.desire2learn.com/res/user.html#delete--d2l-api-lp-(version)-sessions-(userId)
Learning Platform,POST,/d2l/api/lp/(version)/sourceCourses/,Course.CreateSourceCourseParams,JSON object,1.60+,,,https://docs.valence.desire2learn.com/res/course.html#post--d2l-api-lp-(version)-sourceCourses-
Learning Platform,GET,/d2l/api/lp/(version)/sourceCourses/(orgUnitId)/currentReofferedCourse,,Course.ReofferCourse,1.53+,,,https://docs.valence.desire2learn.com/res/course.html#get--d2l-api-lp-(version)-sourceCourses-(orgUnitId)-currentReofferedCourse
Learning Platform,POST,/d2l/api/lp/(version)/sourceCourses/(orgUnitId)/deploy,Course.DeploySourceCourseParams,Course.DeploySourceCourseResult,1.53+,,,https://docs.valence.desire2learn.com/res/course.html#post--d2l-api-lp-(version)-sourceCourses-(orgUnitId)-deploy
Learning Platform,POST,/d2l/api/lp/(version)/sourceCourses/(orgUnitId)/reofferCourse,Course.ReofferCourseParams,JSON object,1.60+,,,https://docs.valence.desire2learn.com/res/course.html#post--d2l-api-lp-(version)-sourceCourses-(orgUnitId)-reofferCourse
Learning Platform,GET,/d2l/api/lp/(version)/sourceCourses/(orgUnitId)/reofferedCourses,,Course.ReofferedCoursesResult,1.53+,,,https://docs.valence.desire2learn.com/res/course.html#get--d2l-api-lp-(version)-sourceCourses-(orgUnitId)-reofferedCourses
Learning Platform,GET,/d2l/api/lp/(version)/sourceCourses/courseOfferings/(orgUnitId),,JSON object,1.60+,,,https://docs.valence.desire2learn.com/res/course.html#get--d2l-api-lp-(version)-sourceCourses-courseOfferings-(orgUnitId)
Learning Platform,GET,/d2l/api/lp/(version)/timezones/,,Api.ObjectListPage,unstable,,,https://docs.valence.desire2learn.com/res/locale.html#get--d2l-api-lp-(version)-timezones-
Learning Platform,GET,/d2l/api/lp/(version)/tools/org/,,Api.PagedResultSet,1.49+,1.46-1.48,1.45-,https://docs.valence.desire2learn.com/res/tools.html#get--d2l-api-lp-(version)-tools-org-
Learning Platform,GET,/d2l/api/lp/(version)/tools/org/(toolId),,Tools.OrgInformation,1.49+,1.46-1.48,1.45-,https://docs.valence.desire2learn.com/res/tools.html#get--d2l-api-lp-(version)-tools-org-(toolId)
Learning Platform,PUT,/d2l/api/lp/(version)/tools/org/(toolId),,,1.49+,1.46-1.48,1.45-,https://docs.valence.desire2learn.com/res/tools.html#put--d2l-api-lp-(version)-tools-org-(toolId)
Learning Platform,PUT,/d2l/api/lp/(version)/tools/org/(toolId)/OUDefault,,,1.49+,1.46-1.48,1.45-,https://docs.valence.desire2learn.com/res/tools.html#put--d2l-api-lp-(version)-tools-org-(toolId)-OUDefault
Learning Platform,PUT,/d2l/api/lp/(version)/tools/org/(toolId)/OUDefault/override,,,1.49+,1.46-1.48,1.45-,https://docs.valence.desire2learn.com/res/tools.html#put--d2l-api-lp-(version)-tools-org-(toolId)-OUDefault-override
Learning Platform,GET,/d2l/api/lp/(version)/tools/orgUnits/(orgUnitId),,Api.PagedResultSet,1.49+,1.46-1.48,1.45-,https://docs.valence.desire2learn.com/res/tools.html#get--d2l-api-lp-(version)-tools-orgUnits-(orgUnitId)
Learning Platform,GET,/d2l/api/lp/(version)/tools/orgUnits/(orgUnitId)/(toolId),,Tools.ToolWithName,1.49+,1.46-1.48,1.45-,https://docs.valence.desire2learn.com/res/tools.html#get--d2l-api-lp-(version)-tools-orgUnits-(orgUnitId)-(toolId)
Learning Platform,PUT,/d2l/api/lp/(version)/tools/orgUnits/(orgUnitId)/(toolId),,,1.49+,1.46-1.48,1.45-,https://docs.valence.desire2learn.com/res/tools.html#put--d2l-api-lp-(version)-tools-orgUnits-(orgUnitId)-(toolId)
Learning Platform,GET,/d2l/api/lp/(version)/tools/orgUnits/(orgUnitId)/toolNames,,Api.PagedResultSet,1.49+,1.46-1.48,1.45-,https://docs.valence.desire2learn.com/res/tools.html#get--d2l-api-lp-(version)-tools-orgUnits-(orgUnitId)-toolNames
Learning Platform,GET,/d2l/api/lp/(version)/users/,,User.UserData,1.49+,1.46-1.48,1.45-,https://docs.valence.desire2learn.com/res/user.html#get--d2l-api-lp-(version)-users-
Learning Platform,POST,/d2l/api/lp/(version)/users/,User.CreateUserData,User.UserData,1.49+,1.46-1.48,1.45-,https://docs.valence.desire2learn.com/res/user.html#post--d2l-api-lp-(version)-users-
Learning Platform,DELETE,/d2l/api/lp/(version)/users/(userId),,,1.49+,1.46-1.48,1.45-,https://docs.valence.desire2learn.com/res/user.html#delete--d2l-api-lp-(version)-users-(userId)
Learning Platform,GET,/d2l/api/lp/(version)/users/(userId),,User.UserData,1.49+,1.46-1.48,1.45-,https://docs.valence.desire2learn.com/res/user.html#get--d2l-api-lp-(version)-users-(userId)
Learning Platform,PUT,/d2l/api/lp/(version)/users/(userId),User.UpdateUserData,User.UserData,1.49+,1.46-1.48,1.45-,https://docs.valence.desire2learn.com/res/user.html#put--d2l-api-lp-(version)-users-(userId)
Learning Platform,GET,/d2l/api/lp/(version)/users/(userId)/activation,,User.UserActivationData,1.49+,1.46-1.48,1.45-,https://docs.valence.desire2learn.com/res/user.html#get--d2l-api-lp-(version)-users-(userId)-activation
Learning Platform,PUT,/d2l/api/lp/(version)/users/(userId)/activation,User.UserActivationData,,1.49+,1.46-1.48,1.45-,https://docs.valence.desire2learn.com/res/user.html#put--d2l-api-lp-(version)-users-(userId)-activation
Learning Platform,GET,/d2l/api/lp/(version)/users/(userId)/enrollmentlogs/,,Api.PagedResultSet,1.61+,,,https://docs.valence.desire2learn.com/res/user.html#get--d2l-api-lp-(version)-users-(userId)-enrollmentlogs-
Learning Platform,GET,/d2l/api/lp/(version)/users/(userId)/names,,User.LegalPreferredNames,1.49+,1.46-1.48,1.45-,https://docs.valence.desire2learn.com/res/user.html#get--d2l-api-lp-(version)-users-(userId)-names
Learning Platform,PUT,/d2l/api/lp/(version)/users/(userId)/names,User.LegalPreferredNames,User.LegalPreferredNames,1.49+,1.46-1.48,1.45-,https://docs.valence.desire2learn.com/res/user.html#put--d2l-api-lp-(version)-users-(userId)-names
Learning Platform,DELETE,/d2l/api/lp/(version)/users/(userId)/password,,,1.49+,1.46-1.48,1.45-,https://docs.valence.desire2learn.com/res/user.html#delete--d2l-api-lp-(version)-users-(userId)-password
Learning Platform,POST,/d2l/api/lp/(version)/users/(userId)/password,User.UserResetPassword,,1.49+,1.46-1.48,1.45-,https://docs.valence.desire2learn.com/res/user.html#post--d2l-api-lp-(version)-users-(userId)-password
Learning Platform,PUT,/d2l/api/lp/(version)/users/(userId)/password,User.UserPasswordData,,1.49+,1.46-1.48,1.45-,https://docs.valence.desire2learn.com/res/user.html#put--d2l-api-lp-(version)-users-(userId)-password
Learning Platform,GET,/d2l/api/lp/(version)/users/(userId)/usertrackinglogs/,,User.UserTrackingLog,1.61+,,,https://docs.valence.desire2learn.com/res/user.html#get--d2l-api-lp-(version)-users-(userId)-usertrackinglogs-
Learning Platform,POST,/d2l/api/lp/(version)/users/batch/,User.CreateUserData,User.UserData,1.49+,1.46-1.48,1.45-,https://docs.valence.desire2learn.com/res/user.html#post--d2l-api-lp-(version)-users-batch-
Learning Platform,POST,/d2l/api/lp/(version)/users/merge,MergeUsers.Create,,1.62+,,,https://docs.valence.desire2learn.com/res/user.html#post--d2l-api-lp-(version)-users-merge
Learning Platform,GET,/d2l/api/lp/(version)/users/mypronouns,,User.Pronouns,1.49+,1.46-1.48,1.45-,https://docs.valence.desire2learn.com/res/user.html#get--d2l-api-lp-(version)-users-mypronouns
Learning Platform,PUT,/d2l/api/lp/(version)/users/mypronouns,User.Pronouns,User.Pronouns,1.49+,1.46-1.48,1.45-,https://docs.valence.desire2learn.com/res/user.html#put--d2l-api-lp-(version)-users-mypronouns
Learning Platform,GET,/d2l/api/lp/(version)/users/mypronouns/visibility,,User.PronounsVisibility,1.49+,1.46-1.48,1.45-,https://docs.valence.desire2learn.com/res/user.html#get--d2l-api-lp-(version)-users-mypronouns-visibility
Learning Platform,PUT,/d2l/api/lp/(version)/users/mypronouns/visibility,User.PronounsVisibility,User.PronounsVisibility,1.49+,1.46-1.48,1.45-,https://docs.valence.desire2learn.com/res/user.html#put--d2l-api-lp-(version)-users-mypronouns-visibility
Learning Platform,GET,/d2l/api/lp/(version)/users/roles/statistics,,User.UsersRolesStatistics,1.61+,,,https://docs.valence.desire2learn.com/res/user.html#get--d2l-api-lp-(version)-users-roles-statistics
Learning Platform,GET,/d2l/api/lp/(version)/users/statistics,,User.UsersStatistics,1.61+,,,https://docs.valence.desire2learn.com/res/user.html#get--d2l-api-lp-(version)-users-statistics
Learning Platform,GET,/d2l/api/lp/(version)/users/whoami,,User.WhoAmIUser,1.49+,1.46-1.48,1.45-,https://docs.valence.desire2learn.com/res/user.html#get--d2l-api-lp-(version)-users-whoami
